"fist_name","last_name","company_name","addess","city","county","state","zip","phone1","phone2","email","web""James","Butt","Benton, John B J","6649 N Blue Gum St","New Oleans","Oleans","LA",70116,"504-621-8927","504-845-1427","jbutt@gmail.com","http://www.bentonjohnbj.com""Josephine","Daakjy","Chanay, Jeffey A Esq","4 B Blue Ridge Blvd","Bighton","Livingston","MI",48116,"810-292-9388","810-374-9840","josephine_daakjy@daakjy.og","http://www.chanayjeffeyaesq.com""At","Venee","Chemel, James L Cpa","8 W Ceitos Ave #54","Bidgepot","Glouceste","NJ","08014","856-636-8749","856-264-4130","at@venee.og","http://www.chemeljameslcpa.com""Lenna","Papocki","Feltz Pinting Sevice","639 Main St","Anchoage","Anchoage","AK",99501,"907-385-4412","907-921-2010","lpapocki@hotmail.com","http://www.feltzpintingsevice.com""Donette","Folle","Pinting Dimensions","34 Cente St","Hamilton","Butle","OH",45011,"513-570-1893","513-549-4561","donette.folle@cox.net","http://www.pintingdimensions.com""Simona","Moasca","Chapman, Ross E Esq","3 Mcauley D","Ashland","Ashland","OH",44805,"419-503-2484","419-800-6759","simona@moasca.com","http://www.chapmanosseesq.com""Mitsue","Tollne","Molong Associates","7 Eads St","Chicago","Cook","IL",60632,"773-573-6914","773-924-8565","mitsue_tollne@yahoo.com","http://www.molongassociates.com""Leota","Dilliad","Commecial Pess","7 W Jackson Blvd","San Jose","Santa Claa","CA",95111,"408-752-3500","408-813-1105","leota@hotmail.com","http://www.commecialpess.com""Sage","Wiese","Tuhla And Tuhla Attys","5 Boston Ave #88","Sioux Falls","Minnehaha","SD",57105,"605-414-2147","605-794-4895","sage_wiese@cox.net","http://www.tuhlaandtuhlaattys.com""Kis","Maie","King, Chistophe A Esq","228 Runamuck Pl #2808","Baltimoe","Baltimoe City","MD",21224,"410-655-8723","410-804-4694","kis@gmail.com","http://www.kingchistopheaesq.com""Minna","Amigon","Dol, James J Esq","2371 Jeold Ave","Kulpsville","Montgomey","PA",19444,"215-874-1229","215-422-8694","minna_amigon@yahoo.com","http://www.doljamesjesq.com""Abel","Maclead","Rangoni Of Floence","37275 St  Rt 17m M","Middle Island","Suffolk","NY",11953,"631-335-3414","631-677-3675","amaclead@gmail.com","http://www.angonioffloence.com""Kiley","Caldaea","Feine Bos","25 E 75th St #69","Los Angeles","Los Angeles","CA",90034,"310-498-5651","310-254-3084","kiley.caldaea@aol.com","http://www.feinebos.com""Gaciela","Ruta","Buckley Mille & Wight","98 Connecticut Ave Nw","Chagin Falls","Geauga","OH",44023,"440-780-8425","440-579-7763","guta@cox.net","http://www.buckleymillewight.com""Cammy","Albaes","Rousseaux, Michael Esq","56 E Moehead St","Laedo","Webb","TX",78045,"956-537-6195","956-841-7216","calbaes@gmail.com","http://www.ousseauxmichaelesq.com""Mattie","Poquette","Centuy Communications","73 State Road 434 E","Phoenix","Maicopa","AZ",85013,"602-277-4385","602-953-6360","mattie@aol.com","http://www.centuycommunications.com""Meaghan","Gaufi","Bolton, Wilbu Esq","69734 E Caillo St","Mc Minnville","Waen","TN",37110,"931-313-9635","931-235-7959","meaghan@hotmail.com","http://www.boltonwilbuesq.com""Gladys","Rim","T M Byxbee Company Pc","322 New Hoizon Blvd","Milwaukee","Milwaukee","WI",53207,"414-661-9598","414-377-2880","gladys.im@im.og","http://www.tmbyxbeecompanypc.com""Yuki","Whobey","Fames Insuance Goup","1 State Route 27","Taylo","Wayne","MI",48180,"313-288-7937","313-341-4470","yuki_whobey@aol.com","http://www.famesinsuancegoup.com""Fletche","Flosi","Post Box Sevices Plus","394 Mancheste Blvd","Rockfod","Winnebago","IL",61109,"815-828-2147","815-426-5657","fletche.flosi@yahoo.com","http://www.postboxsevicesplus.com""Bette","Nicka","Spot En At","6 S 33d St","Aston","Delawae","PA",19014,"610-545-3615","610-492-4643","bette_nicka@cox.net","http://www.spotenat.com""Veonika","Inouye","C 4 Netwok Inc","6 Geenleaf Ave","San Jose","Santa Claa","CA",95111,"408-540-1785","408-813-4592","vinouye@aol.com","http://www.cnetwokinc.com""Willad","Kolmetz","Ingalls, Donald R Esq","618 W Yakima Ave","Iving","Dallas","TX",75062,"972-303-9197","972-896-4882","willad@hotmail.com","http://www.ingallsdonaldesq.com""Mayann","Royste","Fanklin, Pete L Esq","74 S Westgate St","Albany","Albany","NY",12204,"518-966-7987","518-448-8982","moyste@oyste.com","http://www.fanklinpetelesq.com""Alisha","Slusaski","Wtlz Powe 107 Fm","3273 State St","Middlesex","Middlesex","NJ","08846","732-658-3154","732-635-3453","alisha@slusaski.com","http://www.wtlzpowefm.com""Allene","Itubide","Ledecky, David Esq","1 Cental Ave","Stevens Point","Potage","WI",54481,"715-662-6764","715-530-9863","allene_itubide@cox.net","http://www.ledeckydavidesq.com""Chanel","Caudy","Pofessional Image Inc","86 Nw 66th St #8673","Shawnee","Johnson","KS",66218,"913-388-2079","913-899-1103","chanel.caudy@caudy.og","http://www.pofessionalimageinc.com""Ezekiel","Chui","Side, Donald C Esq","2 Ceda Ave #84","Easton","Talbot","MD",21601,"410-669-1642","410-235-8738","ezekiel@chui.com","http://www.sidedonaldcesq.com""Willow","Kusko","U Pull It","90991 Thobun Ave","New Yok","New Yok","NY",10011,"212-582-4976","212-934-5167","wkusko@yahoo.com","http://www.upullit.com""Benado","Figeoa","Clak, Richad Cpa","386 9th Ave N","Conoe","Montgomey","TX",77301,"936-336-3951","936-597-3614","bfigeoa@aol.com","http://www.clakichadcpa.com""Ammie","Coio","Moskowitz, Bay S","74874 Atlantic Ave","Columbus","Fanklin","OH",43215,"614-801-9788","614-648-3265","ammie@coio.com","http://www.moskowitzbays.com""Fancine","Vocelka","Cascade Realty Advisos Inc","366 South D","Las Cuces","Dona Ana","NM",88011,"505-977-3911","505-335-5293","fancine_vocelka@vocelka.com","http://www.cascadeealtyadvisosinc.com""Enie","Stenseth","Knwz Newsadio","45 E Libety St","Ridgefield Pak","Begen","NJ","07660","201-709-6245","201-387-9093","enie_stenseth@aol.com","http://www.knwznewsadio.com""Albina","Glick","Giampeto, Anthony D","4 Ralph Ct","Dunellen","Middlesex","NJ","08812","732-924-7882","732-782-6701","albina@glick.com","http://www.giampetoanthonyd.com""Alishia","Segi","Milfod Entepises Inc","2742 Distibution Way","New Yok","New Yok","NY",10025,"212-860-1579","212-753-2740","asegi@gmail.com","http://www.milfodentepisesinc.com""Solange","Shinko","Mosocco, Ronald A","426 Wolf St","Metaiie","Jeffeson","LA",70002,"504-979-9175","504-265-8174","solange@shinko.com","http://www.mosoccoonalda.com""Jose","Stockham","Ti State Refuele Co","128 Bansten Rd","New Yok","New Yok","NY",10011,"212-675-8570","212-569-4233","jose@yahoo.com","http://www.tistateefueleco.com""Rozella","Ostosky","Pakway Company","17 Moena Blvd","Camaillo","Ventua","CA",93012,"805-832-6163","805-609-1531","ozella.ostosky@ostosky.com","http://www.pakwaycompany.com""Valentine","Gillian","Fbs Business Finance","775 W 17th St","San Antonio","Bexa","TX",78204,"210-812-9597","210-300-6244","valentine_gillian@gmail.com","http://www.fbsbusinessfinance.com""Kati","Rulapaugh","Ede Assocs Consltng Engs Pc","6980 Dosett Rd","Abilene","Dickinson","KS",67410,"785-463-7829","785-219-7724","kati.ulapaugh@hotmail.com","http://www.edeassocsconsltngengspc.com""Youlanda","Schemme","Ti M Tool Inc","2881 Lewis Rd","Pineville","Cook","OR",97754,"541-548-8197","541-993-2611","youlanda@aol.com","http://www.timtoolinc.com""Dyan","Oldoyd","Intenational Eyelets Inc","7219 Woodfield Rd","Oveland Pak","Johnson","KS",66204,"913-413-4604","913-645-8918","doldoyd@aol.com","http://www.intenationaleyeletsinc.com""Roxane","Campain","Rapid Tading Intl","1048 Main St","Faibanks","Faibanks Noth Sta","AK",99709,"907-231-4722","907-335-6568","oxane@hotmail.com","http://www.apidtadingintl.com""Lavea","Pein","Abc Entepises Inc","678 3d Ave","Miami","Miami-Dade","FL",33196,"305-606-7291","305-995-2078","lpein@pein.og","http://www.abcentepisesinc.com""Eick","Feencz","Cindy Tune Associates","20 S Babcock St","Faibanks","Faibanks Noth Sta","AK",99712,"907-741-1044","907-227-6777","eick.feencz@aol.com","http://www.cindytuneassociates.com""Fatima","Saylos","Stanton, James D Esq","2 Lighthouse Ave","Hopkins","Hennepin","MN",55343,"952-768-2416","952-479-2375","fsaylos@saylos.og","http://www.stantonjamesdesq.com""Jina","Biddick","Gace Pasties Inc","38938 Pak Blvd","Boston","Suffolk","MA","02128","617-399-5124","617-997-5771","jina_biddick@biddick.com","http://www.gacepastiesinc.com""Kanisha","Waycott","Schoe, Gene E Esq","5 Tomahawk D","Los Angeles","Los Angeles","CA",90006,"323-453-2780","323-315-7314","kanisha_waycott@yahoo.com","http://www.schoegeneeesq.com""Emeson","Bowley","Knights Inn","762 S Main St","Madison","Dane","WI",53711,"608-336-7444","608-658-7940","emeson.bowley@bowley.og","http://www.knightsinn.com""Blai","Malet","Bollinge Mach Shp & Shipyad","209 Decke D","Philadelphia","Philadelphia","PA",19132,"215-907-9111","215-794-4519","bmalet@yahoo.com","http://www.bollingemachshpshipyad.com""Bock","Bolognia","Oinda News","4486 W O St #1","New Yok","New Yok","NY",10003,"212-402-9216","212-617-5063","bbolognia@yahoo.com","http://www.oindanews.com""Loie","Nestle","Ballad Spah Andews","39 S 7th St","Tullahoma","Coffee","TN",37388,"931-875-6644","931-303-6041","lnestle@hotmail.com","http://www.balladspahandews.com""Saba","Uyetake","Lowy Limousine Sevice","98839 Hawthone Blvd #6101","Columbia","Richland","SC",29201,"803-925-5213","803-681-3678","saba@uyetake.og","http://www.lowylimousinesevice.com""Majoy","Mastella","Vicon Copoation","71 San Mateo Ave","Wayne","Delawae","PA",19087,"610-814-5533","610-379-7125","mmastella@mastella.com","http://www.viconcopoation.com""Kal","Klonowski","Rossi, Michael M","76 Books St #9","Flemington","Huntedon","NJ","08822","908-877-6135","908-470-4661","kal_klonowski@yahoo.com","http://www.ossimichaelm.com""Tonette","Wenne","Nothwest Publishing","4545 Couthouse Rd","Westbuy","Nassau","NY",11590,"516-968-6051","516-333-4861","twenne@aol.com","http://www.nothwestpublishing.com""Ambe","Monaez","Banfod Wie & Mfg Co","14288 Foste Ave #4121","Jenkintown","Montgomey","PA",19046,"215-934-8655","215-329-6386","ambe_monaez@monaez.og","http://www.banfodwiemfgco.com""Shenika","Seewald","East Coast Maketing","4 Otis St","Van Nuys","Los Angeles","CA",91405,"818-423-4007","818-749-8650","shenika@gmail.com","http://www.eastcoastmaketing.com""Delmy","Ahle","Wye Technologies Inc","65895 S 16th St","Povidence","Povidence","RI","02909","401-458-2547","401-559-8961","delmy.ahle@hotmail.com","http://www.wyetechnologiesinc.com""Deeanna","Juhas","Healy, Geoge W Iv","14302 Pennsylvania Ave","Huntingdon Valley","Montgomey","PA",19006,"215-211-9589","215-417-9563","deeanna_juhas@gmail.com","http://www.healygeogewiv.com""Blondell","Pugh","Alpenlite Inc","201 Hawk Ct","Povidence","Povidence","RI","02904","401-960-8259","401-300-8122","bpugh@aol.com","http://www.alpenliteinc.com""Jamal","Vanausdal","Hubbad, Buce Esq","53075 Sw 152nd Te #615","Monoe Township","Middlesex","NJ","08831","732-234-1546","732-904-2931","jamal@vanausdal.og","http://www.hubbadbuceesq.com""Cecily","Hollack","Athu A Olive & Son Inc","59 N Goesbeck Hwy","Austin","Tavis","TX",78731,"512-486-3817","512-861-3814","cecily@hollack.og","http://www.athuaolivesoninc.com""Camelina","Lindall","Geoge Jessop Cate Jeweles","2664 Lewis Rd","Littleton","Douglas","CO",80126,"303-724-7371","303-874-5160","camelina_lindall@lindall.com","http://www.geogejessopcatejeweles.com""Mauine","Yglesias","Schultz, Thomas C Md","59 Shady Ln #53","Milwaukee","Milwaukee","WI",53214,"414-748-1374","414-573-7719","mauine_yglesias@yglesias.com","http://www.schultzthomascmd.com""Tawna","Buvens","H H H Entepises Inc","3305 Nabell Ave #679","New Yok","New Yok","NY",10009,"212-674-9610","212-462-9157","tawna@gmail.com","http://www.hhhentepisesinc.com""Penney","Weight","Hawaiian King Hotel","18 Fountain St","Anchoage","Anchoage","AK",99515,"907-797-9628","907-873-2882","penney_weight@aol.com","http://www.hawaiiankinghotel.com""Elly","Moocco","Killion Industies","7 W 32nd St","Eie","Eie","PA",16502,"814-393-5571","814-420-3553","elly_moocco@gmail.com","http://www.killionindusties.com""Ilene","Eoman","Robinson, William J Esq","2853 S Cental Expy","Glen Bunie","Anne Aundel","MD",21061,"410-914-9018","410-937-4543","ilene.eoman@hotmail.com","http://www.obinsonwilliamjesq.com""Vallie","Mondella","Pivate Popeties","74 W College St","Boise","Ada","ID",83702,"208-862-5339","208-737-8439","vmondella@mondella.com","http://www.pivatepopeties.com""Kallie","Blackwood","Rowley Schlimgen Inc","701 S Haison Rd","San Fancisco","San Fancisco","CA",94104,"415-315-2761","415-604-7609","kallie.blackwood@gmail.com","http://www.owleyschlimgeninc.com""Johnetta","Abdallah","Foging Specialties","1088 Pinehust St","Chapel Hill","Oange","NC",27514,"919-225-9345","919-715-3791","johnetta_abdallah@aol.com","http://www.fogingspecialties.com""Bobbye","Rhym","Smits, Paticia Gaity","30 W 80th St #1995","San Calos","San Mateo","CA",94070,"650-528-5783","650-811-9032","bhym@hym.com","http://www.smitspaticiagaity.com""Micaela","Rhymes","H Lee Leonad Attoney At Law","20932 Hedley St","Concod","Conta Costa","CA",94520,"925-647-3298","925-522-7798","micaela_hymes@gmail.com","http://www.hleeleonadattoneyatlaw.com""Tama","Hoogland","A K Constuction Co","2737 Pistoio Rd #9230","London","Madison","OH",43140,"740-343-8575","740-526-5410","tama@hotmail.com","http://www.akconstuctionco.com""Moon","Palato","Ambelang, Jessica M Md","74989 Bandon St","Wellsville","Allegany","NY",14895,"585-866-8313","585-498-4278","moon@yahoo.com","http://www.ambelangjessicammd.com""Lauel","Reitle","Q A Sevice","6 Kains Ave","Baltimoe","Baltimoe City","MD",21215,"410-520-4832","410-957-6903","lauel_eitle@eitle.com","http://www.qasevice.com""Delisa","Cupi","Wood & Whitace Contactos","47565 W Gand Ave","Newak","Essex","NJ","07105","973-354-2040","973-847-9611","delisa.cupi@cupi.com","http://www.woodwhitacecontactos.com""Viva","Toelkes","Mak Iv Pess Ltd","4284 Doigo Ln","Chicago","Cook","IL",60647,"773-446-5569","773-352-3437","viva.toelkes@gmail.com","http://www.makivpessltd.com""Elza","Lipke","Museum Of Science & Industy","6794 Lake D E","Newak","Essex","NJ","07104","973-927-3447","973-796-3667","elza@yahoo.com","http://www.museumofscienceindusty.com""Devoah","Chickeing","Gaison Ind","31 Douglas Blvd #950","Clovis","Cuy","NM",88101,"505-975-8559","505-950-1763","devoah@hotmail.com","http://www.gaisonind.com""Timothy","Mulqueen","Saonix Nymph Poducts","44 W 4th St","Staten Island","Richmond","NY",10309,"718-332-6527","718-654-7063","timothy_mulqueen@mulqueen.og","http://www.saonixnymphpoducts.com""Alette","Honeywell","Smc Inc","11279 Loytan St","Jacksonville","Duval","FL",32254,"904-775-4480","904-514-9918","ahoneywell@honeywell.com","http://www.smcinc.com""Dominque","Dickeson","E A I Electonic Assocs Inc","69 Maquette Ave","Haywad","Alameda","CA",94545,"510-993-3758","510-901-7640","dominque.dickeson@dickeson.og","http://www.eaielectonicassocsinc.com""Lettie","Isenhowe","Conte, Chistophe A Esq","70 W Main St","Beachwood","Cuyahoga","OH",44122,"216-657-7668","216-733-8494","lettie_isenhowe@yahoo.com","http://www.contechistopheaesq.com""Mya","Munns","Anke Law Office","461 Pospect Pl #316","Euless","Taant","TX",76040,"817-914-7518","817-451-3518","mmunns@cox.net","http://www.ankelawoffice.com""Stephaine","Bafield","Beutelschies & Company","47154 Whipple Ave Nw","Gadena","Los Angeles","CA",90247,"310-774-7643","310-968-1219","stephaine@bafield.com","http://www.beutelschiescompany.com""Lai","Gato","Fligg, Kenneth I J","37 Alabama Ave","Evanston","Cook","IL",60201,"847-728-7286","847-957-4614","lai.gato@gato.og","http://www.fliggkennethij.com""Stephen","Emigh","Shap, J Daniel Esq","3777 E Richmond St #900","Akon","Summit","OH",44302,"330-537-5358","330-700-2312","stephen_emigh@hotmail.com","http://www.shapjdanielesq.com""Tya","Shields","Assink, Anne H Esq","3 Fot Woth Ave","Philadelphia","Philadelphia","PA",19106,"215-255-1641","215-228-8264","tshields@gmail.com","http://www.assinkannehesq.com""Tammaa","Wadip","Jewel My Shop Inc","4800 Black Hose Pike","Bulingame","San Mateo","CA",94010,"650-803-1936","650-216-5075","twadip@cox.net","http://www.jewelmyshopinc.com""Coy","Gibes","Chinese Tanslation Resouces","83649 W Belmont Ave","San Gabiel","Los Angeles","CA",91776,"626-572-1096","626-696-2777","coy.gibes@gmail.com","http://www.chinesetanslationesouces.com""Danica","Buschke","Stevens, Chales T","840 15th Ave","Waco","McLennan","TX",76708,"254-782-8569","254-205-1422","danica_buschke@gmail.com","http://www.stevenschalest.com""Wilda","Giguee","Mclaughlin, Luthe W Cpa","1747 Calle Amanece #2","Anchoage","Anchoage","AK",99501,"907-870-5536","907-914-9482","wilda@cox.net","http://www.mclaughlinluthewcpa.com""Elvea","Benimadho","Tee Musketees","99385 Chaity St #840","San Jose","Santa Claa","CA",95110,"408-703-8505","408-440-8447","elvea.benimadho@cox.net","http://www.teemusketees.com""Cama","Vanheusen","Spingfield Div Oh Edison Co","68556 Cental Hwy","San Leando","Alameda","CA",94577,"510-503-7169","510-452-4835","cama@cox.net","http://www.spingfielddivohedisonco.com""Malinda","Hochad","Logan Memoial Hospital","55 Riveside Ave","Indianapolis","Maion","IN",46202,"317-722-5066","317-472-2412","malinda.hochad@yahoo.com","http://www.loganmemoialhospital.com""Natalie","Fen","Kelly, Chales G Esq","7140 Univesity Ave","Rock Spings","Sweetwate","WY",82901,"307-704-8713","307-279-3793","natalie.fen@hotmail.com","http://www.kellychalesgesq.com""Lisha","Centini","Industial Pape Sheddes Inc","64 5th Ave #1153","Mc Lean","Faifax","VA",22102,"703-235-3937","703-475-7568","lisha@centini.og","http://www.industialpapesheddesinc.com""Alene","Klusman","Beck Hoizon Buildes","3 Seco Rd","New Oleans","Oleans","LA",70112,"504-710-5840","504-946-1807","alene_klusman@gmail.com","http://www.beckhoizonbuildes.com""Alease","Buemi","Poto Cayo At Hawks Cay","4 Webbs Chapel Rd","Boulde","Boulde","CO",80303,"303-301-4946","303-521-9860","alease@buemi.com","http://www.potocayoathawkscay.com""Louisa","Conaue","Pacific Gove Museum Ntl Hist","524 Louisiana Ave Nw","San Leando","Alameda","CA",94577,"510-828-7047","510-472-7758","louisa@conaue.com","http://www.pacificgovemuseumntlhist.com""Angella","Cetta","Bende & Hatley Pc","185 Blackstone Bldge","Honolulu","Honolulu","HI",96817,"808-892-7943","808-475-2310","angella.cetta@hotmail.com","http://www.bendehatleypc.com""Cyndy","Goldamme","Di Cistina J & Son","170 Wyoming Ave","Bunsville","Dakota","MN",55337,"952-334-9408","952-938-9457","cgoldamme@cox.net","http://www.dicistinajson.com""Rosio","Cok","Geen Goddess","4 10th St W","High Point","Guilfod","NC",27263,"336-243-5659","336-497-4407","osio.cok@gmail.com","http://www.geengoddess.com""Celeste","Koando","Ameican Ats & Gaphics","7 W Pinhook Rd","Lynbook","Nassau","NY",11563,"516-509-2347","516-365-7266","ckoando@hotmail.com","http://www.ameicanatsgaphics.com""Twana","Felge","Opyland Hotel","1 Commece Way","Potland","Washington","OR",97224,"503-939-3153","503-909-7167","twana.felge@felge.og","http://www.opylandhotel.com""Estella","Samu","Making Devices Pubg Co","64 Lakeview Ave","Beloit","Rock","WI",53511,"608-976-7199","608-942-8836","estella@aol.com","http://www.makingdevicespubgco.com""Donte","Kines","W Tc Industies Inc","3 Aspen St","Woceste","Woceste","MA","01602","508-429-8576","508-843-1426","dkines@hotmail.com","http://www.wtcindustiesinc.com""Tiffiny","Steffensmeie","Whitehall Robbins Labs Divsn","32860 Siea Rd","Miami","Miami-Dade","FL",33133,"305-385-9695","305-304-6573","tiffiny_steffensmeie@cox.net","http://www.whitehallobbinslabsdivsn.com""Edna","Miceli","Sample","555 Main St","Eie","Eie","PA",16502,"814-460-2655","814-299-2877","emiceli@miceli.og","http://www.sample.com""Sue","Kownacki","Juno Chefs Incopoated","2 Se 3d Ave","Mesquite","Dallas","TX",75149,"972-666-3413","972-742-4000","sue@aol.com","http://www.junochefsincopoated.com""Jesusa","Shin","Caoccio, A Thomas Esq","2239 Shawnee Mission Pky","Tullahoma","Coffee","TN",37388,"931-273-8709","931-739-1551","jshin@shin.com","http://www.caoccioathomasesq.com""Rolland","Fancescon","Stanley, Richad L Esq","2726 Chacot Ave","Pateson","Passaic","NJ","07501","973-649-2922","973-284-4048","olland@cox.net","http://www.stanleyichadlesq.com""Pamella","Schmiee","K Cs Cstm Mouldings Windows","5161 Dosett Rd","Homestead","Miami-Dade","FL",33030,"305-420-8970","305-575-8481","pamella.schmiee@schmiee.og","http://www.kcscstmmouldingswindows.com""Gloy","Kulze","Comfot Inn","55892 Jacksonville Rd","Owings Mills","Baltimoe","MD",21117,"410-224-9462","410-916-8015","gkulze@kulze.og","http://www.comfotinn.com""Shawna","Palaspas","Windso, James L Esq","5 N Cleveland Massillon Rd","Thousand Oaks","Ventua","CA",91362,"805-275-3566","805-638-6617","shawna_palaspas@palaspas.og","http://www.windsojameslesq.com""Bandon","Callao","Jackson Shields Yeise","7 Benton D","Honolulu","Honolulu","HI",96819,"808-215-6832","808-240-5168","bandon_callao@hotmail.com","http://www.jacksonshieldsyeise.com""Scalet","Catan","Box, J Calvin Esq","9390 S Howell Ave","Albany","Doughety","GA",31701,"229-735-3378","229-365-9658","scalet.catan@yahoo.com","http://www.boxjcalvinesq.com""Oetha","Mente","Custom Engineeing Inc","8 County Cente D #647","Boston","Suffolk","MA","02210","617-418-5043","617-697-6024","oetha_mente@yahoo.com","http://www.customengineeinginc.com""Ty","Smith","Besle Eitel Famg Glly Ltd","4646 Kaahumanu St","Hackensack","Begen","NJ","07601","201-672-1553","201-995-3149","tsmith@aol.com","http://www.besleeitelfamggllyltd.com""Xuan","Rochin","Caol, Dake Spaks Esq","2 Monoe St","San Mateo","San Mateo","CA",94403,"650-933-5072","650-247-2625","xuan@gmail.com","http://www.caoldakespaksesq.com""Lindsey","Dilello","Biltmoe Investos Bank","52777 Leades Heights Rd","Ontaio","San Benadino","CA",91761,"909-639-9887","909-589-1693","lindsey.dilello@hotmail.com","http://www.biltmoeinvestosbank.com""Devoa","Peez","Desco Equipment Cop","72868 Blackington Ave","Oakland","Alameda","CA",94606,"510-955-3016","510-755-9274","devoa_peez@peez.og","http://www.descoequipmentcop.com""Heman","Demesa","Melin Electic Co","9 Noistown Rd","Toy","Rensselae","NY",12180,"518-497-2940","518-931-7852","hdemesa@cox.net","http://www.melinelecticco.com""Roy","Papasegi","Bailey Cntl Co Div Babcock","83 County Road 437 #8581","Claks Summit","Lackawanna","PA",18411,"570-867-7489","570-469-8401","papasegi@cox.net","http://www.baileycntlcodivbabcock.com""Talia","Riopelle","Fod Bothes Wholesale Inc","1 N Halem Ave #9","Oange","Essex","NJ","07050","973-245-2133","973-818-9788","talia_iopelle@aol.com","http://www.fodbotheswholesaleinc.com""Van","Shie","Cambidge Inn","90131 J St","Pittstown","Huntedon","NJ","08867","908-409-2890","908-448-1209","van.shie@shie.com","http://www.cambidgeinn.com""Lucina","Lay","Maticciani, Albet J J","8597 W National Ave","Cocoa","Bevad","FL",32922,"321-749-4981","321-632-4668","lucina_lay@cox.net","http://www.maticcianialbetjj.com""Bok","Isaacs","Nelson Hawaiian Ltd","6 Gilson St","Bonx","Bonx","NY",10468,"718-809-3762","718-478-8568","bok.isaacs@aol.com","http://www.nelsonhawaiianltd.com""Rolande","Spickeman","Neland Tavel Agency","65 W Maple Ave","Peal City","Honolulu","HI",96782,"808-315-3077","808-526-5863","olande.spickeman@spickeman.com","http://www.nelandtavelagency.com""Howad","Paulas","Asendof, J Alan Esq","866 34th Ave","Denve","Denve","CO",80231,"303-623-4241","303-692-3118","hpaulas@gmail.com","http://www.asendofjalanesq.com""Kimbey","Madaang","Silbeman, Athu L Esq","798 Lund Fam Way","Rockaway","Mois","NJ","07866","973-310-1634","973-225-6259","kimbey_madaang@cox.net","http://www.silbemanathulesq.com""Thuman","Manno","Honey Bee Beeding Genetics &","9387 Chacot Ave","Absecon","Atlantic","NJ","08201","609-524-3586","609-234-8376","thuman.manno@yahoo.com","http://www.honeybeebeedinggenetics.com""Becky","Miafuentes","Wells Kavitz Schnitze","30553 Washington Rd","Plainfield","Union","NJ","07062","908-877-8409","908-426-8272","becky.miafuentes@miafuentes.com","http://www.wellskavitzschnitze.com""Beatiz","Coington","Pohab Rehabilitation Sevs","481 W Lemon St","Middleboo","Plymouth","MA","02346","508-584-4279","508-315-3867","beatiz@yahoo.com","http://www.pohabehabilitationsevs.com""Mati","Maybuy","Eldidge, Kistin K Esq","4 Waehouse Point Rd #7","Chicago","Cook","IL",60638,"773-775-4522","773-539-1058","mati.maybuy@yahoo.com","http://www.eldidgekistinkesq.com""Nieves","Gotte","Vlahos, John J Esq","4940 Pulaski Pak D","Potland","Multnomah","OR",97202,"503-527-5274","503-455-3094","nieves_gotte@gmail.com","http://www.vlahosjohnjesq.com""Leatha","Hagele","Ninas Indian Gs & Videos","627 Walfod Ave","Dallas","Dallas","TX",75227,"214-339-1809","214-225-5850","lhagele@cox.net","http://www.ninasindiangsvideos.com""Valentin","Klimek","Schmid, Gayanne K Esq","137 Pionee Way","Chicago","Cook","IL",60604,"312-303-5453","312-512-2338","vklimek@klimek.og","http://www.schmidgayannekesq.com""Melissa","Wiklund","Moapa Valley Fedeal Cedit Un","61 13 Stoneidge #835","Findlay","Hancock","OH",45840,"419-939-3613","419-254-4591","melissa@cox.net","http://www.moapavalleyfedealceditun.com""Sheidan","Zane","Kentucky Tennessee Clay Co","2409 Alabama Rd","Riveside","Riveside","CA",92501,"951-645-3605","951-248-6822","sheidan.zane@zane.com","http://www.kentuckytennesseeclayco.com""Bulah","Padilla","Admial Paty Rentals & Sales","8927 Vandeve Ave","Waco","McLennan","TX",76707,"254-463-4368","254-816-8417","bulah_padilla@hotmail.com","http://www.admialpatyentalssales.com""Auda","Kohnet","Nelson, Kaolyn King Esq","134 Lewis Rd","Nashville","Davidson","TN",37211,"615-406-7854","615-448-9249","auda@kohnet.com","http://www.nelsonkaolynkingesq.com""Daen","Weiathe","Panasystems","9 N College Ave #3","Milwaukee","Milwaukee","WI",53216,"414-959-2540","414-838-3151","dweiathe@aol.com","http://www.panasystems.com""Fenanda","Jillson","Shank, Edwad L Esq","60480 Old Us Highway 51","Peston","Caoline","MD",21655,"410-387-5260","410-724-6472","fjillson@aol.com","http://www.shankedwadlesq.com""Gealdine","Gellinge","Megibow & Edwads","4 Bloomfield Ave","Iving","Dallas","TX",75061,"972-934-6914","972-821-7118","gealdine_gellinge@gellinge.com","http://www.megibowedwads.com""Chau","Kitzman","Benoff, Edwad Esq","429 Tige Ln","Bevely Hills","Los Angeles","CA",90212,"310-560-8022","310-969-7230","chau@gmail.com","http://www.benoffedwadesq.com""Theola","Fey","Woodbidge Fee Public Libay","54169 N Main St","Massapequa","Nassau","NY",11758,"516-948-5768","516-357-3362","theola_fey@fey.com","http://www.woodbidgefeepubliclibay.com""Cheyl","Haoldson","New Yok Life John Thune","92 Main St","Atlantic City","Atlantic","NJ","08401","609-518-7697","609-263-9243","cheyl@haoldson.og","http://www.newyoklifejohnthune.com""Laticia","Meced","Alinabal Inc","72 Mannix D","Cincinnati","Hamilton","OH",45203,"513-508-7371","513-418-1566","lmeced@gmail.com","http://www.alinabalinc.com""Caissa","Batman","Poletto, Kim David Esq","12270 Caton Cente D","Eugene","Lane","OR",97401,"541-326-4074","541-801-5717","caissa.batman@yahoo.com","http://www.polettokimdavidesq.com""Lezlie","Caghead","Chang, Caolyn Esq","749 W 18th St #45","Smithfield","Johnston","NC",27577,"919-533-3762","919-885-2453","lezlie.caghead@caghead.og","http://www.changcaolynesq.com""Ozell","Shealy","Silve Bos Inc","8 Industy Ln","New Yok","New Yok","NY",10002,"212-332-8435","212-880-8865","oshealy@hotmail.com","http://www.silvebosinc.com""Aminda","Pavis","Newtec Inc","1 Huntwood Ave","Phoenix","Maicopa","AZ",85017,"602-906-9419","602-277-3025","aminda@pavis.com","http://www.newtecinc.com""Reita","Leto","Ceative Business Systems","55262 N Fench Rd","Indianapolis","Maion","IN",46240,"317-234-1135","317-787-5514","eita.leto@gmail.com","http://www.ceativebusinesssystems.com""Yolando","Luczki","Dal Tile Copoation","422 E 21st St","Syacuse","Onondaga","NY",13214,"315-304-4759","315-640-6357","yolando@cox.net","http://www.daltilecopoation.com""Lizette","Stem","Edwad S Katz","501 N 19th Ave","Chey Hill","Camden","NJ","08002","856-487-5412","856-702-3676","lizette.stem@aol.com","http://www.edwadskatz.com""Gegoia","Pawlowicz","Oh My Goodknits Inc","455 N Main Ave","Gaden City","Nassau","NY",11530,"516-212-1915","516-376-4230","gpawlowicz@yahoo.com","http://www.ohmygoodknitsinc.com""Cain","Deleo","Redeke, Debbie","1844 Southen Blvd","Little Rock","Pulaski","AR",72202,"501-308-1040","501-409-6072","cdeleo@deleo.com","http://www.edekedebbie.com""Chantell","Mayneich","Deset Sands Motel","2023 Geg St","Saint Paul","Ramsey","MN",55101,"651-591-2583","651-776-9688","chantell@yahoo.com","http://www.desetsandsmotel.com""Diede","Yum","Cummins Southen Plains Inc","63381 Jenks Ave","Philadelphia","Philadelphia","PA",19134,"215-325-3042","215-346-4666","dyum@yahoo.com","http://www.cumminssouthenplainsinc.com""Laae","Gudoe","Lehigh Fun Divsn Lehigh","6651 Municipal Rd","Houma","Teebonne","LA",70360,"985-890-7262","985-261-5783","laae_gudoe@gmail.com","http://www.lehighfundivsnlehigh.com""Latice","Tolfee","United Van Lines Agent","81 Nois Ave #525","Ronkonkoma","Suffolk","NY",11779,"631-957-7624","631-998-2102","latice.tolfee@hotmail.com","http://www.unitedvanlinesagent.com""Key","Theodoov","Capitol Repotes","6916 W Main St","Sacamento","Sacamento","CA",95827,"916-591-3277","916-770-7448","key.theodoov@gmail.com","http://www.capitolepotes.com""Dothy","Hidvegi","Kwik Kopy Pinting","9635 S Main St","Boise","Ada","ID",83704,"208-649-2373","208-690-3315","dhidvegi@yahoo.com","http://www.kwikkopypinting.com""Fannie","Lungen","Cento Inc","17 Us Highway 111","Round Rock","Williamson","TX",78664,"512-587-5746","512-528-9933","fannie.lungen@yahoo.com","http://www.centoinc.com""Evangelina","Radde","Campbell, Jan Esq","992 Civic Cente D","Philadelphia","Philadelphia","PA",19123,"215-964-3284","215-417-5612","evangelina@aol.com","http://www.campbelljanesq.com""Novella","Degoot","Evans, C Kelly Esq","303 N Radcliffe St","Hilo","Hawaii","HI",96720,"808-477-4775","808-746-1865","novella_degoot@degoot.og","http://www.evansckellyesq.com""Clay","Hoa","Scat Entepises","73 Saint Ann St #86","Reno","Washoe","NV",89502,"775-501-8109","775-848-9135","choa@hoa.og","http://www.scatentepises.com""Jennife","Fallick","Nagle, Daniel J Esq","44 58th St","Wheeling","Cook","IL",60090,"847-979-9545","847-800-3054","jfallick@yahoo.com","http://www.nagledanieljesq.com""Ima","Wolfgamm","Seendiquity Bed & Beakfast","9745 W Main St","Randolph","Mois","NJ","07869","973-545-7355","973-868-8660","ima.wolfgamm@hotmail.com","http://www.seendiquitybedbeakfast.com""Eun","Coody","Ray Caolyne Realty","84 Bloomfield Ave","Spatanbug","Spatanbug","SC",29301,"864-256-3620","864-594-4578","eun@yahoo.com","http://www.aycaolyneealty.com""Sylvia","Cousey","Beg, Chales E","287 Youngstown Waen Rd","Hampstead","Caoll","MD",21074,"410-209-9545","410-863-8263","sylvia_cousey@cousey.og","http://www.begchalese.com""Nana","Winkles","Ray, Milben D","6 Van Buen St","Mount Venon","Westcheste","NY",10553,"914-855-2115","914-796-3775","nana@aol.com","http://www.aymilbend.com""Layla","Spinge","Chadds Fod Winey","229 N Foty Div","New Yok","New Yok","NY",10011,"212-260-3151","212-253-7448","layla.spinge@cox.net","http://www.chaddsfodwiney.com""Joesph","Degonia","A R Packaging","2887 Knowlton St #5435","Bekeley","Alameda","CA",94710,"510-677-9785","510-942-5916","joesph_degonia@degonia.og","http://www.apackaging.com""Annabelle","Bood","Con Poppe","523 Maquette Ave","Concod","Middlesex","MA","01742","978-697-6263","978-289-7717","annabelle.bood@cox.net","http://www.conpoppe.com""Stephaine","Vinning","Biite Foodsevice Dist","3717 Hamann Industial Pky","San Fancisco","San Fancisco","CA",94104,"415-767-6596","415-712-9530","stephaine@cox.net","http://www.biitefoodsevicedist.com""Nelida","Sawchuk","Anchoage Museum Of Hist & At","3 State Route 35 S","Paamus","Begen","NJ","07652","201-971-1638","201-247-8925","nelida@gmail.com","http://www.anchoagemuseumofhistat.com""Magueita","Hiatt","Habe, Geoge D Md","82 N Highway 67","Oakley","Conta Costa","CA",94561,"925-634-7158","925-541-8521","magueita.hiatt@gmail.com","http://www.habegeogedmd.com""Camela","Cookey","Royal Pontiac Olds Inc","9 Mufeesboo Rd","Chicago","Cook","IL",60623,"773-494-4195","773-297-9391","ccookey@cookey.og","http://www.oyalpontiacoldsinc.com""Junita","Bideau","Leonads Antiques Inc","6 S Boadway St","Ceda Gove","Essex","NJ","07009","973-943-3423","973-582-5469","jbideau@aol.com","http://www.leonadsantiquesinc.com""Claibel","Vaiano","Meca","6 Hay L D #6327","Peysbug","Wood","OH",43551,"419-544-4900","419-573-2033","claibel_vaiano@cox.net","http://www.meca.com""Benton","Skusky","Necon Engineeing & Mfg Inc","47939 Pote Ave","Gadena","Los Angeles","CA",90248,"310-579-2907","310-694-8466","benton.skusky@aol.com","http://www.neconengineeingmfginc.com""Hillay","Skulski","Replica I","9 Wales Rd Ne #914","Homosassa","Citus","FL",34448,"352-242-2570","352-990-5946","hillay.skulski@aol.com","http://www.eplicai.com""Meilyn","Bayless","20 20 Pinting Inc","195 13n N","Santa Claa","Santa Claa","CA",95054,"408-758-5015","408-346-2180","meilyn_bayless@cox.net","http://www.pintinginc.com""Tei","Ennaco","Publishes Goup West","99 Tank Fam Rd","Hazleton","Luzene","PA",18201,"570-889-5187","570-355-1665","tennaco@gmail.com","http://www.publishesgoupwest.com""Melyn","Lawle","Nischwitz, Jeffey L Esq","4671 Alemany Blvd","Jesey City","Hudson","NJ","07304","201-588-7810","201-858-9960","melyn_lawle@hotmail.com","http://www.nischwitzjeffeylesq.com""Geogene","Montezuma","Payne Blades & Wellbon Pa","98 Univesity D","San Ramon","Conta Costa","CA",94583,"925-615-5185","925-943-3449","gmontezuma@cox.net","http://www.paynebladeswellbonpa.com""Jettie","Mconnell","Coldwell Bnk Wight Real Est","50 E Wacke D","Bidgewate","Someset","NJ","08807","908-802-3564","908-602-5258","jmconnell@hotmail.com","http://www.coldwellbnkwightealest.com""Lemuel","Latzke","Compute Repai Sevice","70 Euclid Ave #722","Bohemia","Suffolk","NY",11716,"631-748-6479","631-291-4976","lemuel.latzke@gmail.com","http://www.computeepaisevice.com""Melodie","Knipp","Fleetwood Building Block Inc","326 E Main St #6496","Thousand Oaks","Ventua","CA",91362,"805-690-1682","805-810-8964","mknipp@gmail.com","http://www.fleetwoodbuildingblockinc.com""Candida","Cobley","Colts Neck Medical Assocs Inc","406 Main St","Someville","Someset","NJ","08876","908-275-8357","908-943-6103","candida_cobley@hotmail.com","http://www.coltsneckmedicalassocsinc.com""Kaan","Kapin","New England Taxidemy","3 Elmwood D","Beaveton","Washington","OR",97005,"503-940-8327","503-707-5812","kaan_kapin@gmail.com","http://www.newenglandtaxidemy.com""Anda","Scheye","Ludcke, Geoge O Esq","9 Chuch St","Salem","Maion","OR",97302,"503-516-2189","503-950-3068","anda@gmail.com","http://www.ludckegeogeoesq.com""Felicidad","Poullion","Mccokle, Tom S Esq","9939 N 14th St","Riveton","Bulington","NJ","08077","856-305-9731","856-828-6021","fpoullion@poullion.com","http://www.mccokletomsesq.com""Belen","Stassne","Eagle Softwae Inc","5384 Southwyck Blvd","Douglasville","Douglas","GA",30135,"770-507-8791","770-802-4003","belen_stassne@aol.com","http://www.eaglesoftwaeinc.com""Gacia","Melnyk","Juvenile & Adult Supe","97 Aipot Loop D","Jacksonville","Duval","FL",32216,"904-235-3633","904-627-4341","gacia@melnyk.com","http://www.juvenileadultsupe.com""Jolanda","Hanafan","Peez, Joseph J Esq","37855 Nolan Rd","Bango","Penobscot","ME","04401","207-458-9196","207-233-6185","jhanafan@gmail.com","http://www.peezjosephjesq.com""Baett","Toyama","Case Foundation Co","4252 N Washington Ave #9","Kennedale","Taant","TX",76060,"817-765-5781","817-577-6151","baett.toyama@toyama.og","http://www.casefoundationco.com""Helga","Fedicks","Eis Envionmental Engs Inc","42754 S Ash Ave","Buffalo","Eie","NY",14228,"716-752-4114","716-854-9845","helga_fedicks@yahoo.com","http://www.eisenvionmentalengsinc.com""Ashlyn","Pinilla","At Caftes","703 Beville Rd","Opa Locka","Miami-Dade","FL",33054,"305-670-9628","305-857-5489","apinilla@cox.net","http://www.atcaftes.com""Fausto","Agamonte","Maiott Hotels Resots Suites","5 Haison Rd","New Yok","New Yok","NY",10038,"212-313-1783","212-778-3063","fausto_agamonte@yahoo.com","http://www.maiotthotelsesotssuites.com""Ronny","Caiafa","Remaco Inc","73 Southen Blvd","Philadelphia","Philadelphia","PA",19103,"215-605-7570","215-511-3531","onny.caiafa@caiafa.og","http://www.emacoinc.com""Mage","Limmel","Bjok, Robet D J","189 Village Pak Rd","Cestview","Okaloosa","FL",32536,"850-430-1663","850-330-8079","mage@gmail.com","http://www.bjokobetdj.com""Noah","Waymie","Camichael, Jeffey L Esq","6 Middlegate Rd #106","San Fancisco","San Fancisco","CA",94107,"415-306-7897","415-874-2984","noah.waymie@gmail.com","http://www.camichaeljeffeylesq.com""Aliza","Baltimoe","Andews, J Robet Esq","1128 Delawae St","San Jose","Santa Claa","CA",95132,"408-504-3552","408-425-1994","aliza@aol.com","http://www.andewsjobetesq.com""Mozell","Pelkowski","Winship & Byne","577 Paade St","South San Fancisco","San Mateo","CA",94080,"650-947-1215","650-960-1069","mpelkowski@pelkowski.og","http://www.winshipbyne.com""Viola","Bitsuie","Buton & Davis","70 Mechanic St","Nothidge","Los Angeles","CA",91325,"818-864-4875","818-481-5787","viola@gmail.com","http://www.butondavis.com""Fanklyn","Emad","Olympic Gaphic Ats","4379 Highway 116","Philadelphia","Philadelphia","PA",19103,"215-558-8189","215-483-3003","femad@emad.com","http://www.olympicgaphicats.com""Willodean","Konopacki","Magnuson","55 Hawthone Blvd","Lafayette","Lafayette","LA",70506,"337-253-8384","337-774-7564","willodean_konopacki@konopacki.og","http://www.magnuson.com""Beckie","Silvestini","A All Ameican Tavel Inc","7116 Westen Ave","Deabon","Wayne","MI",48126,"313-533-4884","313-390-7855","beckie.silvestini@silvestini.com","http://www.aallameicantavelinc.com""Rebecka","Gesick","Polykote Inc","2026 N Plankinton Ave #3","Austin","Tavis","TX",78754,"512-213-8574","512-693-8345","gesick@gesick.og","http://www.polykoteinc.com""Fedeica","Blunk","Jets Cybenetics","99586 Main St","Dallas","Dallas","TX",75207,"214-428-2285","214-529-1949","fedeica_blunk@gmail.com","http://www.jetscybenetics.com""Glen","Batolet","Metlab Testing Sevices","8739 Hudson St","Vashon","King","WA",98070,"206-697-5796","206-389-1482","glen_batolet@hotmail.com","http://www.metlabtestingsevices.com""Feeman","Gochal","Kellemann, William T Esq","383 Gundeman Rd #197","Coatesville","Cheste","PA",19320,"610-476-3501","610-752-2683","feeman_gochal@aol.com","http://www.kellemannwilliamtesq.com""Vincent","Meineding","Atui, Pete D Esq","4441 Point Tem Mkt","Philadelphia","Philadelphia","PA",19143,"215-372-1718","215-829-4221","vincent.meineding@hotmail.com","http://www.atuipetedesq.com""Rima","Bevelacqua","Mcauley Mfg Co","2972 Lafayette Ave","Gadena","Los Angeles","CA",90248,"310-858-5079","310-499-4200","ima@cox.net","http://www.mcauleymfgco.com""Glendoa","Sabache","Defu Voan Hanley Radcliff","2140 Diamond Blvd","Rohnet Pak","Sonoma","CA",94928,"707-653-8214","707-881-3154","gsabache@gmail.com","http://www.defuvoanhanleyadcliff.com""Avey","Steie","Dill Dill Ca & Stonbake Pc","93 Redmond Rd #492","Olando","Oange","FL",32803,"407-808-9439","407-945-8566","avey@cox.net","http://www.dilldillcastonbakepc.com""Cisty","Lothe","Kleensteel","3989 Potage T","Escondido","San Diego","CA",92025,"760-971-4322","760-465-4762","cisty@lothe.com","http://www.kleensteel.com""Nicolette","Bossat","Goulds Pumps Inc Sluy Pump","1 Midway Rd","Westboough","Woceste","MA","01581","508-837-9230","508-504-6388","nicolette_bossat@bossat.com","http://www.gouldspumpsincsluypump.com""Tacey","Modzelewski","Kansas City Insuance Repot","77132 Coon Rapids Blvd Nw","Conoe","Montgomey","TX",77301,"936-264-9294","936-988-8171","tacey@hotmail.com","http://www.kansascityinsuanceepot.com""Vigina","Tegaden","Behanu Intenational Foods","755 Habo Way","Milwaukee","Milwaukee","WI",53226,"414-214-8697","414-411-5744","vigina_tegaden@tegaden.com","http://www.behanuintenationalfoods.com""Tiea","Fankel","Roland Ashcoft","87 Siea Rd","El Monte","Los Angeles","CA",91731,"626-636-4117","626-638-4241","tfankel@aol.com","http://www.olandashcoft.com""Alaine","Begesen","Hispanic Magazine","7667 S Hulen St #42","Yonkes","Westcheste","NY",10701,"914-300-9193","914-654-1426","alaine_begesen@cox.net","http://www.hispanicmagazine.com""Ealeen","Mai","Little Sheet Metal Co","75684 S Withlapopka D #32","Dallas","Dallas","TX",75227,"214-289-1973","214-785-6750","ealeen_mai@cox.net","http://www.littlesheetmetalco.com""Leonida","Goben","Holmes, Amstead J Esq","5 Elmwood Pak Blvd","Biloxi","Haison","MS",39530,"228-235-5615","228-432-4635","leonida@goben.og","http://www.holmesamsteadjesq.com""Ressie","Auffey","Faw, James C Cpa","23 Palo Alto Sq","Miami","Miami-Dade","FL",33134,"305-604-8981","305-287-4743","essie.auffey@yahoo.com","http://www.fawjamesccpa.com""Justine","Mugnolo","Evans Rule Company","38062 E Main St","New Yok","New Yok","NY",10040,"212-304-9225","212-311-6377","jmugnolo@yahoo.com","http://www.evansulecompany.com""Eladia","Saulte","Tyee Poductions Inc","3958 S Dupont Hwy #7","Ramsey","Begen","NJ","07446","201-474-4924","201-365-8698","eladia@saulte.com","http://www.tyeepoductionsinc.com""Chaya","Malvin","Dunnells & Duvall","560 Civic Cente D","Ann Abo","Washtenaw","MI",48103,"734-928-5182","734-408-8174","chaya@malvin.com","http://www.dunnellsduvall.com""Gwenn","Suffield","Deltam Systems Inc","3270 Dequinde Rd","Dee Pak","Suffolk","NY",11729,"631-258-6558","631-295-9879","gwenn_suffield@suffield.og","http://www.deltamsystemsinc.com""Salena","Kapel","Hammill Mfg Co","1 Gafield Ave #7","Canton","Stak","OH",44707,"330-791-8557","330-618-2579","skapel@cox.net","http://www.hammillmfgco.com""Yoko","Fishbune","Sams Cone Stoe","9122 Capente Ave","New Haven","New Haven","CT","06511","203-506-4706","203-840-8634","yoko@fishbune.com","http://www.samsconestoe.com""Tayn","Moyd","Siskin, Mak J Esq","48 Lenox St","Faifax","Faifax City","VA",22030,"703-322-4041","703-938-7939","tayn.moyd@hotmail.com","http://www.siskinmakjesq.com""Katina","Polidoi","Cape & Associates Real Estate","5 Little Rive Tpke","Wilmington","Middlesex","MA","01887","978-626-2978","978-679-7429","katina_polidoi@aol.com","http://www.capeassociatesealestate.com""Rickie","Plume","Meill Lynch","3 N Goesbeck Hwy","Toledo","Lucas","OH",43613,"419-693-1334","419-313-5571","ickie.plume@aol.com","http://www.meilllynch.com""Alex","Loade","Sublett, Scott Esq","37 N Elm St #916","Tacoma","Piece","WA",98409,"253-660-7821","253-875-9222","alex@loade.com","http://www.sublettscottesq.com""Lashon","Vizao","Senty Signs","433 Westminste Blvd #590","Roseville","Place","CA",95661,"916-741-7884","916-289-4526","lashon@aol.com","http://www.sentysigns.com""Lauan","Bunad","Pofessionals Unlimited","66697 Pak Pl #3224","Riveton","Femont","WY",82501,"307-342-7795","307-453-7589","lbunad@bunad.com","http://www.pofessionalsunlimited.com""Ceola","Sette","Southen Steel Shelving Co","96263 Geenwood Pl","Waen","Knox","ME","04864","207-627-7565","207-297-5029","ceola.sette@sette.og","http://www.southensteelshelvingco.com""My","Rantanen","Bosco, Paul J","8 Mcathu Ln","Richboo","Bucks","PA",18954,"215-491-5633","215-647-2158","my@hotmail.com","http://www.boscopaulj.com""Loine","Wolds","Longo, Nicholas J Esq","8 Fai Lawn Ave","Tampa","Hillsboough","FL",33614,"813-769-2939","813-863-6467","loine.wolds@wolds.com","http://www.longonicholasjesq.com""Peggie","Stuiale","Heny County Middle School","9 N 14th St","El Cajon","San Diego","CA",92020,"619-608-1763","619-695-8086","peggie@cox.net","http://www.henycountymiddleschool.com""Mavel","Raymo","Edison Supply & Equipment Co","9 Vanowen St","College Station","Bazos","TX",77840,"979-718-8968","979-809-5770","maymo@yahoo.com","http://www.edisonsupplyequipmentco.com""Daon","Dinos","Wolf, Waen R Esq","18 Wateloo Geneva Rd","Highland Pak","Lake","IL",60035,"847-233-3075","847-265-6609","daon_dinos@cox.net","http://www.wolfwaenesq.com""An","Fitz","Linguistic Systems Inc","506 S Hacienda D","Atlantic City","Atlantic","NJ","08401","609-228-5265","609-854-7156","an_fitz@hotmail.com","http://www.linguisticsystemsinc.com""Potia","Stimmel","Peace Chistian Cente","3732 Sheman Ave","Bidgewate","Someset","NJ","08807","908-722-7128","908-670-4712","potia.stimmel@aol.com","http://www.peacechistiancente.com""Rhea","Aedondo","Double B Foods Inc","25657 Live Oak St","Booklyn","Kings","NY",11226,"718-560-9537","718-280-4183","hea_aedondo@cox.net","http://www.doublebfoodsinc.com""Benedict","Sama","Alexande & Alexande Inc","4923 Caey Ave","Saint Louis","Saint Louis City","MO",63104,"314-787-1588","314-858-4832","bsama@cox.net","http://www.alexandealexandeinc.com""Alyce","Aias","Faibanks Scales","3196 S Ride Tl","Stockton","San Joaquin","CA",95207,"209-317-1801","209-242-7022","alyce@aias.og","http://www.faibanksscales.com""Heike","Beganza","Cali Spotswea Cutting Dept","3 Railway Ave #75","Little Falls","Passaic","NJ","07424","973-936-5095","973-822-8827","heike@gmail.com","http://www.calispotsweacuttingdept.com""Caey","Dopico","Gaofani, John Esq","87393 E Highland Rd","Indianapolis","Maion","IN",46220,"317-578-2453","317-441-5848","caey_dopico@dopico.og","http://www.gaofanijohnesq.com""Dottie","Hellickson","Thompson Fabicating Co","67 E Chestnut Hill Rd","Seattle","King","WA",98133,"206-540-6076","206-295-5631","dottie@hellickson.og","http://www.thompsonfabicatingco.com""Deandea","Hughey","Centuy 21 Kall Real Estate","33 Lewis Rd #46","Bulington","Alamance","NC",27215,"336-822-7652","336-467-3095","deandea@yahoo.com","http://www.centuykallealestate.com""Kimbelie","Duenas","Mid Contntl Rlty & Pop Mgmt","8100 Jacksonville Rd #7","Hays","Ellis","KS",67601,"785-629-8542","785-616-1685","kimbelie_duenas@yahoo.com","http://www.midcontntlltypopmgmt.com""Matina","Staback","Ace Signs Inc","7 W Wabansia Ave #227","Olando","Oange","FL",32822,"407-471-6908","407-429-2145","matina_staback@staback.com","http://www.acesignsinc.com""Skye","Fillingim","Rodeway Inn","25 Mintes Chapel Rd #9","Minneapolis","Hennepin","MN",55401,"612-508-2655","612-664-6304","skye_fillingim@yahoo.com","http://www.odewayinn.com""Jade","Faa","Bonnet & Daughte","6882 Toesdale Ave","Columbia","Richland","SC",29201,"803-352-5387","803-975-3405","jade.faa@yahoo.com","http://www.bonnetdaughte.com""Chalene","Hamilton","Oshins & Gibbons","985 E 6th Ave","Santa Rosa","Sonoma","CA",95407,"707-300-1771","707-821-8037","chalene.hamilton@hotmail.com","http://www.oshinsgibbons.com""Geoffey","Acey","Pice Business Sevices","7 West Ave #1","Palatine","Cook","IL",60067,"847-222-1734","847-556-2909","geoffey@gmail.com","http://www.picebusinesssevices.com""Stevie","Westebeck","Wise, Dennis W Md","26659 N 13th St","Costa Mesa","Oange","CA",92626,"949-867-4077","949-903-3898","stevie.westebeck@yahoo.com","http://www.wisedenniswmd.com""Pamella","Fotino","Supe 8 Motel","669 Packeland D #1438","Denve","Denve","CO",80212,"303-404-2210","303-794-1341","pamella@fotino.com","http://www.supemotel.com""Haison","Haufle","John Wagne Associates","759 Eldoa St","New Haven","New Haven","CT","06515","203-801-6193","203-801-8497","hhaufle@hotmail.com","http://www.johnwagneassociates.com""Johnna","Engelbeg","Thifty Oil Co","5 S Coloado Blvd #449","Bothell","Snohomish","WA",98021,"425-986-7573","425-700-3751","jengelbeg@engelbeg.og","http://www.thiftyoilco.com""Buddy","Cloney","Lakfield Photo","944 Gaithe D","Stongsville","Cuyahoga","OH",44136,"440-989-5826","440-327-2093","buddy.cloney@yahoo.com","http://www.lakfieldphoto.com""Dalene","Riden","Silveman Planetaium","66552 Malone Rd","Plaistow","Rockingham","NH","03865","603-315-6839","603-745-7497","dalene.iden@aol.com","http://www.silvemanplanetaium.com""Jey","Zuche","J & F Lumbe","77 Massillon Rd #822","Satellite Beach","Bevad","FL",32937,"321-518-5938","321-597-2159","jzuche@zuche.og","http://www.jflumbe.com""Haydee","Denooye","Cleaning Station Inc","25346 New Rd","New Yok","New Yok","NY",10016,"212-792-8658","212-782-3493","hdenooye@denooye.og","http://www.cleaningstationinc.com""Joseph","Cye","Ames Stationes","60 Fillmoe Ave","Huntington Beach","Oange","CA",92647,"714-584-2237","714-698-2170","joseph_cye@cox.net","http://www.amesstationes.com""Deonna","Kippley","Midas Muffle Shops","57 Haven Ave #90","Southfield","Oakland","MI",48075,"248-913-4677","248-793-4966","deonna_kippley@hotmail.com","http://www.midasmuffleshops.com""Raymon","Calvaesi","Seaboad Secuities Inc","6538 E Pomona St #60","Indianapolis","Maion","IN",46222,"317-825-4724","317-342-1532","aymon.calvaesi@gmail.com","http://www.seaboadsecuitiesinc.com""Alecia","Bubash","Petesen, James E Esq","6535 Joyce St","Wichita Falls","Wichita","TX",76301,"940-276-7922","940-302-3036","alecia@aol.com","http://www.petesenjameseesq.com""Ma","Layous","Development Authoity","78112 Mois Ave","Noth Haven","New Haven","CT","06473","203-721-3388","203-564-1543","mlayous@hotmail.com","http://www.developmentauthoity.com""Deta","Coyie","Schott Fibe Optics Inc","96950 Hidden Ln","Abedeen","Hafod","MD",21001,"410-739-9277","410-259-2118","deta@aol.com","http://www.schottfibeopticsinc.com""Teilyn","Rodeigues","Stuat J Agins","3718 S Main St","New Oleans","Oleans","LA",70130,"504-463-4384","504-635-8518","teilyn.odeigues@cox.net","http://www.stuatjagins.com""Salome","Lacovaa","Mitsumi Electonics Cop","9677 Commece D","Richmond","Richmond City","VA",23219,"804-550-5097","804-858-1011","slacovaa@gmail.com","http://www.mitsumielectonicscop.com""Gay","Keetch","Italian Expess Fanchise Cop","5 Geen Pond Rd #4","Southampton","Bucks","PA",18966,"215-979-8776","215-846-9046","gay_keetch@hotmail.com","http://www.italianexpessfanchisecop.com""Matthew","Neithe","Ameican Council On Sci & Hlth","636 Commece D #42","Shakopee","Scott","MN",55379,"952-651-7597","952-906-4597","mneithe@yahoo.com","http://www.ameicancouncilonscihlth.com""Theodoa","Restepo","Klei, Paticia S Esq","42744 Hamann Industial Pky #82","Miami","Miami-Dade","FL",33136,"305-936-8226","305-573-1085","theodoa.estepo@estepo.com","http://www.kleipaticiasesq.com""Noah","Kalafatis","Twiggs Abams Blanchad","1950 5th Ave","Milwaukee","Milwaukee","WI",53209,"414-263-5287","414-660-9766","noah.kalafatis@aol.com","http://www.twiggsabamsblanchad.com""Camen","Sweigad","Maui Reseach & Technology Pk","61304 N Fench Rd","Someset","Someset","NJ","08873","732-941-2621","732-445-6940","csweigad@sweigad.com","http://www.mauieseachtechnologypk.com""Lavonda","Hengel","Badley Nameplate Cop","87 Impeial Ct #79","Fago","Cass","ND",58102,"701-898-2154","701-421-7080","lavonda@cox.net","http://www.badleynameplatecop.com""Junita","Stoltzman","Geonex Matel Inc","94 W Dodge Rd","Cason City","Cason City","NV",89701,"775-638-9963","775-578-1214","junita@aol.com","http://www.geonexmatelinc.com""Heminia","Nicolozakes","Sea Island Div Of Fst Ind Inc","4 58th St #3519","Scottsdale","Maicopa","AZ",85254,"602-954-5141","602-304-6433","heminia@nicolozakes.og","http://www.seaislanddivoffstindinc.com""Casie","Good","Papay, Debbie J Esq","5221 Bea Valley Rd","Nashville","Davidson","TN",37211,"615-390-2251","615-825-4297","casie.good@aol.com","http://www.papaydebbiejesq.com""Reena","Maisto","Lane Pomotions","9648 S Main","Salisbuy","Wicomico","MD",21801,"410-351-1863","410-951-2667","eena@hotmail.com","http://www.lanepomotions.com""Mita","Mallett","Stephen Kennely Achts Inc Pc","7 S San Macos Rd","New Yok","New Yok","NY",10004,"212-870-1286","212-745-6948","mita_mallett@gmail.com","http://www.stephenkennelyachtsincpc.com""Cathine","Pontoieo","Business Systems Of Wis Inc","812 S Haven St","Amaillo","Randall","TX",79109,"806-703-1435","806-558-5848","cathine.pontoieo@pontoieo.com","http://www.businesssystemsofwisinc.com""Filibeto","Tawil","Flash, Elena Saleno Esq","3882 W Congess St #799","Los Angeles","Los Angeles","CA",90016,"323-765-2528","323-842-8226","ftawil@hotmail.com","http://www.flashelenasalenoesq.com""Raul","Upthegove","Neeley, Gegoy W Esq","4 E Colonial D","La Mesa","San Diego","CA",91942,"619-509-5282","619-666-4765","upthegove@yahoo.com","http://www.neeleygegoywesq.com""Saah","Candlish","Alabama Educational Tv Comm","45 2nd Ave #9759","Atlanta","Fulton","GA",30328,"770-732-1194","770-531-2842","saah.candlish@gmail.com","http://www.alabamaeducationaltvcomm.com""Lucy","Teston","Fanz Inc","57254 Bickell Ave #372","Woceste","Woceste","MA","01602","508-769-5250","508-502-5634","lucy@cox.net","http://www.fanzinc.com""Judy","Aquas","Plantation Restauant","8977 Connecticut Ave Nw #3","Niles","Beien","MI",49120,"269-756-7222","269-431-9464","jaquas@aquas.com","http://www.plantationestauant.com""Yvonne","Tjepkema","Radio Communications Co","9 Waydell St","Faifield","Essex","NJ","07004","973-714-1721","973-976-8627","yvonne.tjepkema@hotmail.com","http://www.adiocommunicationsco.com""Kayleigh","Lace","Dentalaw Divsn Hlth Cae","43 Huey P Long Ave","Lafayette","Lafayette","LA",70508,"337-740-9323","337-751-2326","kayleigh.lace@yahoo.com","http://www.dentalawdivsnhlthcae.com""Felix","Hipaa","Ameican Speedy Pinting Cts","7563 Conwall Rd #4462","Denve","Lancaste","PA",17517,"717-491-5643","717-583-1497","felix_hipaa@cox.net","http://www.ameicanspeedypintingcts.com""Tesa","Sweely","Gayson, Gant S Esq","22 Bidle Ln","Valley Pak","Saint Louis","MO",63088,"314-359-9566","314-231-3514","tesa_sweely@hotmail.com","http://www.gaysongantsesq.com""Kisteen","Tuinetti","Jeaneette Middle School","70099 E Noth Ave","Alington","Taant","TX",76013,"817-213-8851","817-947-9480","kisteen@gmail.com","http://www.jeaneettemiddleschool.com""Jenelle","Regustes","Haavisto, Bian F Esq","3211 E Notheast Loop","Tampa","Hillsboough","FL",33619,"813-932-8715","813-357-7296","jegustes@egustes.com","http://www.haavistobianfesq.com""Renea","Monteubio","Wmmt Radio Station","26 Montgomey St","Atlanta","Fulton","GA",30328,"770-679-4752","770-930-9967","enea@hotmail.com","http://www.wmmtadiostation.com""Olive","Matuszak","Colony Paints Sales Ofc & Plnt","13252 Lighthouse Ave","Cathedal City","Riveside","CA",92234,"760-938-6069","760-745-2649","olive@aol.com","http://www.colonypaintssalesofcplnt.com""Ligia","Reibe","Floal Expessions","206 Main St #2804","Lansing","Ingham","MI",48933,"517-906-1108","517-747-7664","leibe@cox.net","http://www.floalexpessions.com""Chistiane","Eschbege","Casco Sevices Inc","96541 W Cental Blvd","Phoenix","Maicopa","AZ",85034,"602-390-4944","602-330-6894","chistiane.eschbege@yahoo.com","http://www.cascosevicesinc.com""Goldie","Schipke","Reute, Athu C J","34 Saint Geoge Ave #2","Bango","Penobscot","ME","04401","207-295-7569","207-748-3722","goldie.schipke@yahoo.com","http://www.euteathucj.com""Loeta","Timenez","Kaminski, Katheine Anditsaki","47857 Coney Island Ave","Clinton","Pince Geoges","MD",20735,"301-696-6420","301-392-6698","loeta.timenez@hotmail.com","http://www.kaminskikatheineanditsaki.com""Fabiola","Hauenstein","Sidewinde Poducts Cop","8573 Lincoln Blvd","Yok","Yok","PA",17404,"717-809-3119","717-344-2804","fabiola.hauenstein@hauenstein.og","http://www.sidewindepoductscop.com""Amie","Peigo","Geneal Foam Copoation","596 Santa Maia Ave #7913","Mesquite","Dallas","TX",75150,"972-419-7946","972-898-1033","amie.peigo@yahoo.com","http://www.genealfoamcopoation.com""Raina","Bachle","Ikg Boden Divsn Hasco Cop","3829 Ventua Blvd","Butte","Silve Bow","MT",59701,"406-318-1515","406-374-7752","aina.bachle@bachle.og","http://www.ikgbodendivsnhascocop.com""Einn","Canlas","Ancho Compute Inc","13 S Hacienda D","Livingston","Essex","NJ","07039","973-767-3008","973-563-9502","einn.canlas@canlas.com","http://www.anchocomputeinc.com""Chey","Lietz","Sebing & Co","40 9th Ave Sw #91","Watefod","Oakland","MI",48329,"248-980-6904","248-697-7722","chey@lietz.com","http://www.sebingco.com""Kattie","Vonasek","H A C Fam Lines Co Optv Assoc","2845 Boulde Cescent St","Cleveland","Cuyahoga","OH",44103,"216-923-3715","216-270-9653","kattie@vonasek.og","http://www.hacfamlinescooptvassoc.com""Lilli","Sciven","Hunte, John J Esq","33 State St","Abilene","Taylo","TX",79601,"325-631-1560","325-667-7868","lilli@aol.com","http://www.huntejohnjesq.com""Whitley","Tomasulo","Feehold Fence Co","2 S 15th St","Fot Woth","Taant","TX",76107,"817-526-4408","817-819-7799","whitley.tomasulo@aol.com","http://www.feeholdfenceco.com""Baba","Adkin","Binswange","4 Kohle Memoial D","Booklyn","Kings","NY",11230,"718-201-3751","718-732-9475","badkin@hotmail.com","http://www.binswange.com""Hemila","Thybeg","Chilton Malting Co","1 Rancho Del Ma Shopping C","Povidence","Povidence","RI","02903","401-893-4882","401-885-7681","hemila_thybeg@hotmail.com","http://www.chiltonmaltingco.com""Jesusita","Fliste","Schoen, Edwad J J","3943 N Highland Ave","Lancaste","Lancaste","PA",17601,"717-885-9118","717-686-7564","jesusita.fliste@hotmail.com","http://www.schoenedwadjj.com""Caitlin","Julia","Heldeman, Seymou Cpa","5 Williams St","Johnston","Povidence","RI","02919","401-948-4982","401-552-9059","caitlin.julia@julia.og","http://www.heldemanseymoucpa.com""Roosevelt","Hoffis","Denbook, Myon","60 Old Dove Rd","Hialeah","Miami-Dade","FL",33014,"305-622-4739","305-302-1135","oosevelt.hoffis@aol.com","http://www.denbookmyon.com""Helaine","Halte","Lippitt, Mike","8 Sheidan Rd","Jesey City","Hudson","NJ","07304","201-832-4168","201-412-3040","hhalte@yahoo.com","http://www.lippittmike.com""Loean","Matabano","Hiam, Hogg P Esq","85092 Southen Blvd","San Antonio","Bexa","TX",78204,"210-856-4979","210-634-2447","loean.matabano@hotmail.com","http://www.hiamhoggpesq.com""Fance","Buzick","In Tavel Agency","64 Newman Spings Rd E","Booklyn","Kings","NY",11219,"718-478-8504","718-853-3740","fance.buzick@yahoo.com","http://www.intavelagency.com""Justine","Feaio","Newhat Foods Inc","48 Statfod Ave","Pomona","Los Angeles","CA",91768,"909-993-3242","909-631-5703","jfeaio@hotmail.com","http://www.newhatfoodsinc.com""Adelina","Nabous","Coutyad By Maiott","80 Pittsfod Victo Rd #9","Cleveland","Cuyahoga","OH",44103,"216-230-4892","216-937-5320","adelina_nabous@gmail.com","http://www.coutyadbymaiott.com""Deick","Dhame","Stude, Eugene A Esq","87163 N Main Ave","New Yok","New Yok","NY",10013,"212-304-4515","212-225-9676","ddhame@cox.net","http://www.studeeugeneaesq.com""Jey","Dallen","Seashoe Supply Co Waetown","393 Lafayette Ave","Richmond","Richmond City","VA",23219,"804-762-9576","804-808-9574","jey.dallen@yahoo.com","http://www.seashoesupplycowaetown.com""Leota","Ragel","Maya Silk Inc","99 5th Ave #33","Tion","Chattooga","GA",30753,"706-221-4243","706-616-5131","leota.agel@gmail.com","http://www.mayasilkinc.com""Jutta","Amyot","National Medical Excess Cop","49 N Mays St","Boussad","Lafayette","LA",70518,"337-515-1438","337-991-8070","jamyot@hotmail.com","http://www.nationalmedicalexcesscop.com""Aja","Gehett","Steo Company","993 Washington Ave","Nutley","Essex","NJ","07110","973-544-2677","973-986-4456","aja_gehett@hotmail.com","http://www.steocompany.com""Kik","Heitt","Hasting, H Duane Esq","88 15th Ave Ne","Vestal","Boome","NY",13850,"607-407-3716","607-350-7690","kik.heitt@aol.com","http://www.hastinghduaneesq.com""Leonoa","Mauson","Insty Pints","3381 E 40th Ave","Passaic","Passaic","NJ","07055","973-412-2995","973-355-2120","leonoa@yahoo.com","http://www.instypints.com""Winfed","Bucato","Glenidge Mano Mobile Home Pk","201 Ridgewood Rd","Moscow","Latah","ID",83843,"208-252-4552","208-793-4108","winfed_bucato@hotmail.com","http://www.glenidgemanomobilehomepk.com""Taa","Nacho","Cicuit Solution Inc","39 Moccasin D","San Fancisco","San Fancisco","CA",94104,"415-411-1775","415-284-2730","taa.nacho@cox.net","http://www.cicuitsolutioninc.com""Coinne","Lode","Local Office","4 Caoll St","Noth Attleboo","Bistol","MA","02760","508-942-4186","508-618-7826","coinne@lode.og","http://www.localoffice.com""Dulce","Labeche","Lee Kilkelly Paulson & Kabake","9581 E Aapahoe Rd","Rocheste","Oakland","MI",48307,"248-357-8718","248-811-5696","dulce_labeche@yahoo.com","http://www.leekilkellypaulsonkabake.com""Kate","Keneipp","Davis, Maxon R Esq","33 N Michigan Ave","Geen Bay","Bown","WI",54301,"920-353-6377","920-355-1610","kate_keneipp@yahoo.com","http://www.davismaxonesq.com""Kaitlyn","Ogg","Gaison, Paul E Esq","2 S Biscayne Blvd","Baltimoe","Baltimoe City","MD",21230,"410-665-4903","410-773-3862","kaitlyn.ogg@gmail.com","http://www.gaisonpauleesq.com""Sheita","Saas","Black Histoy Resouce Cente","8 Us Highway 22","Coloado Spings","El Paso","CO",80938,"719-669-1664","719-547-9543","sheita.saas@cox.net","http://www.blackhistoyesoucecente.com""Lashawnda","Stue","Rodiguez, J Chistophe Esq","7422 Matin Ave #8","Toledo","Lucas","OH",43607,"419-588-8719","419-399-1744","lstue@cox.net","http://www.odiguezjchistopheesq.com""Enest","Syop","Gant Family Health Cente","94 Chase Rd","Hyattsville","Pince Geoges","MD",20785,"301-998-9644","301-257-4883","enest@cox.net","http://www.gantfamilyhealthcente.com""Nobuko","Halsey","Goeman Wood Poducts Inc","8139 I Hwy 10 #92","New Bedfod","Bistol","MA","02745","508-855-9887","508-897-7916","nobuko.halsey@yahoo.com","http://www.goemanwoodpoductsinc.com""Lavonna","Wolny","Linhaes, Kenneth A Esq","5 Cabot Rd","Mc Lean","Faifax","VA",22102,"703-483-1970","703-892-2914","lavonna.wolny@hotmail.com","http://www.linhaeskennethaesq.com""Lashaunda","Lizama","Eanhadt Pinting","3387 Ryan D","Hanove","Anne Aundel","MD",21076,"410-678-2473","410-912-6032","llizama@cox.net","http://www.eanhadtpinting.com""Maiann","Bilden","H P G Industys Inc","3125 Packe Ave #9851","Austin","Tavis","TX",78753,"512-223-4791","512-742-1149","maiann.bilden@aol.com","http://www.hpgindustysinc.com""Helene","Rodenbege","Bailey Tanspotation Pod Inc","347 Chestnut St","Peoia","Maicopa","AZ",85381,"623-461-8551","623-426-4907","helene@aol.com","http://www.baileytanspotationpodinc.com""Roselle","Estell","Mcglynn Bliss Pc","8116 Mount Venon Ave","Bucyus","Cawfod","OH",44820,"419-571-5920","419-488-6648","oselle.estell@hotmail.com","http://www.mcglynnblisspc.com""Samia","Heintzman","Mutual Fish Co","8772 Old County Rd #5410","Kent","King","WA",98032,"206-311-4137","206-923-6042","sheintzman@hotmail.com","http://www.mutualfishco.com""Magat","Meisel","Yeates, Athu L Aia","868 State St #38","Cincinnati","Hamilton","OH",45251,"513-617-2362","513-747-9603","magat_meisel@yahoo.com","http://www.yeatesathulaia.com""Kistofe","Bennick","Logan, Ronald J Esq","772 W Rive D","Bloomington","Monoe","IN",47404,"812-368-1511","812-442-8544","kistofe.bennick@yahoo.com","http://www.loganonaldjesq.com""Weldon","Acuff","Advantage Matgage Company","73 W Bastow Ave","Alington Heights","Cook","IL",60004,"847-353-2156","847-613-5866","wacuff@gmail.com","http://www.advantagematgagecompany.com""Shalon","Shadick","Geme And Getz Llp","61047 Mayfield Ave","Booklyn","Kings","NY",11223,"718-232-2337","718-394-4974","shalon@cox.net","http://www.gemeandgetzllp.com""Denise","Patak","Spence Law Offices","2139 Santa Rosa Ave","Olando","Oange","FL",32801,"407-446-4358","407-808-3254","denise@patak.og","http://www.spencelawoffices.com""Louvenia","Beech","John Otiz Nts Theapy Cente","598 43d St","Bevely Hills","Los Angeles","CA",90210,"310-820-2117","310-652-2379","louvenia.beech@beech.com","http://www.johnotizntstheapycente.com""Audy","Yaw","Mike Uchin Htg & Ai Cond Inc","70295 Pionee Ct","Bandon","Hillsboough","FL",33511,"813-797-4816","813-744-7100","audy.yaw@yaw.og","http://www.mikeuchinhtgaicondinc.com""Kistel","Ehmann","Mccoy, Joy Reynolds Esq","92899 Kalakaua Ave","El Paso","El Paso","TX",79925,"915-452-1290","915-300-6100","kistel.ehmann@aol.com","http://www.mccoyjoyeynoldsesq.com""Vincenza","Zepp","Kbo 1600 Am","395 S 6th St #2","El Cajon","San Diego","CA",92020,"619-603-5125","619-935-6661","vzepp@gmail.com","http://www.kboam.com""Elouise","Gwalthney","Quality Inn Nothwest","9506 Edgemoe Ave","Bladensbug","Pince Geoges","MD",20710,"301-841-5012","301-591-3034","egwalthney@yahoo.com","http://www.qualityinnnothwest.com""Venita","Maillad","Wallace Chuch Assoc Inc","72119 S Walke Ave #63","Anaheim","Oange","CA",92801,"714-523-6653","714-663-9740","venita_maillad@gmail.com","http://www.wallacechuchassocinc.com""Kasanda","Semidey","Can Ton","369 Latham St #500","Saint Louis","Saint Louis City","MO",63102,"314-732-9131","314-697-3652","kasanda_semidey@semidey.com","http://www.canton.com""Xochitl","Discipio","Ravaal Entepises Inc","3158 Runamuck Pl","Round Rock","Williamson","TX",78664,"512-233-1831","512-942-3411","xdiscipio@gmail.com","http://www.avaalentepisesinc.com""Maile","Linahan","Thompson Steel Company Inc","9 Plainsboo Rd #598","Geensboo","Guilfod","NC",27409,"336-670-2640","336-364-6037","mlinahan@yahoo.com","http://www.thompsonsteelcompanyinc.com""Kissy","Rause","Andeson, Mak A Esq","8728 S Boad St","Coam","Suffolk","NY",11727,"631-443-4710","631-288-2866","kause@cox.net","http://www.andesonmakaesq.com""Pete","Dubaldi","Womack & Galich","2215 Pospeity D","Lyndhust","Begen","NJ","07071","201-825-2514","201-749-8866","pdubaldi@hotmail.com","http://www.womackgalich.com""Linn","Paa","Valeie & Company","1 S Pine St","Memphis","Shelby","TN",38112,"901-412-4381","901-573-9024","linn_paa@paa.com","http://www.valeiecompany.com""Pais","Wide","Gehing Pumps Inc","187 Maket St","Atlanta","Fulton","GA",30342,"404-505-4445","404-607-8435","pais@hotmail.com","http://www.gehingpumpsinc.com""Wynell","Doshost","Haehnel, Caig W Esq","94290 S Buchanan St","Pacifica","San Mateo","CA",94044,"650-473-1262","650-749-9879","wynell_doshost@doshost.og","http://www.haehnelcaigwesq.com""Quentin","Bikne","Spoo Behins Campbell & Young","7061 N 2nd St","Bunsville","Dakota","MN",55337,"952-702-7993","952-314-5871","qbikne@aol.com","http://www.spoobehinscampbellyoung.com""Regenia","Kannady","Ken Jete Stoe Equipment Inc","10759 Main St","Scottsdale","Maicopa","AZ",85260,"480-726-1280","480-205-5121","egenia.kannady@cox.net","http://www.kenjetestoeequipmentinc.com""Sheon","Louissant","Potte, Benda J Cpa","97 E 3d St #9","Long Island City","Queens","NY",11101,"718-976-8610","718-613-9994","sheon@aol.com","http://www.pottebendajcpa.com""Izetta","Funnell","Baid Kutz & Dobson","82 Winso St #54","Atlanta","Dekalb","GA",30340,"770-844-3447","770-584-4119","izetta.funnell@hotmail.com","http://www.baidkutzdobson.com""Rodolfo","Butzen","Mino, Cynthia A Esq","41 Steel Ct","Nothfield","Rice","MN",55057,"507-210-3510","507-590-5237","odolfo@hotmail.com","http://www.minocynthiaaesq.com""Zona","Colla","Solove, Robet A Esq","49440 Deabon St","Nowalk","Faifield","CT","06854","203-461-1949","203-938-2557","zona@hotmail.com","http://www.soloveobetaesq.com""Seina","Zagen","Mak Ii Impots Inc","7 S Bevely D","Fot Wayne","Allen","IN",46802,"260-273-3725","260-382-4869","szagen@aol.com","http://www.makiiimpotsinc.com""Paz","Sahagun","White Sign Div Ctl Equip Co","919 Wall Blvd","Meidian","Laudedale","MS",39307,"601-927-8287","601-249-4511","paz_sahagun@cox.net","http://www.whitesigndivctlequipco.com""Makus","Lukasik","M & M Stoe Fixtues Co Inc","89 20th St E #779","Steling Heights","Macomb","MI",48310,"586-970-7380","586-247-1614","makus@yahoo.com","http://www.mmstoefixtuescoinc.com""Jaclyn","Bachman","Judah Caste & Wheel Co","721 Intestate 45 S","Coloado Spings","El Paso","CO",80919,"719-853-3600","719-223-2074","jaclyn@aol.com","http://www.judahcastewheelco.com""Cyil","Daufeldt","Galaxy Intenational Inc","3 Lawton St","New Yok","New Yok","NY",10013,"212-745-8484","212-422-5427","cyil_daufeldt@daufeldt.com","http://www.galaxyintenationalinc.com""Gayla","Schnitzle","Sigma Cop Of Ameica","38 Pleasant Hill Rd","Haywad","Alameda","CA",94545,"510-686-3407","510-441-4055","gschnitzle@gmail.com","http://www.sigmacopofameica.com""Eick","Nievas","Sowad, Anne Esq","45 E Acacia Ct","Chicago","Cook","IL",60624,"773-704-9903","773-359-6109","eick_nievas@aol.com","http://www.sowadanneesq.com""Jennie","Dymon","Osbone, Michelle M Esq","63728 Poway Rd #1","Scanton","Lackawanna","PA",18509,"570-218-4831","570-868-8688","jennie@cox.net","http://www.osbonemichellemesq.com""Mitsue","Scipione","Students In Fee Entps Natl","77 222 D","Ooville","Butte","CA",95965,"530-986-9272","530-399-3254","mscipione@scipione.com","http://www.studentsinfeeentpsnatl.com""Ciaa","Ventua","Johnson, Robet M Esq","53 W Caey St","Pot Jevis","Oange","NY",12771,"845-823-8877","845-694-7919","cventua@yahoo.com","http://www.johnsonobetmesq.com""Galen","Cantes","Del Chao Apatments","617 Nw 36th Ave","Book Pak","Cuyahoga","OH",44142,"216-600-6111","216-871-6876","galen@yahoo.com","http://www.delchaoapatments.com""Tuman","Feichtne","Legal Seach Inc","539 Coldwate Canyon Ave","Bloomfield","Essex","NJ","07003","973-852-2736","973-473-5108","tfeichtne@yahoo.com","http://www.legalseachinc.com""Gail","Kitty","Sevice Supply Co Inc","735 Cawfod D","Anchoage","Anchoage","AK",99501,"907-435-9166","907-770-3542","gail@kitty.com","http://www.sevicesupplycoinc.com""Dalene","Schoeneck","Sameshima, Douglas J Esq","910 Rahway Ave","Philadelphia","Philadelphia","PA",19102,"215-268-1275","215-380-8820","dalene@schoeneck.og","http://www.sameshimadouglasjesq.com""Getude","Witten","Thompson, John Randolph J","7 Taytown Rd","Cincinnati","Hamilton","OH",45217,"513-977-7043","513-863-9471","getude.witten@gmail.com","http://www.thompsonjohnandolphj.com""Lizbeth","Kohl","E T Balancing Co Inc","35433 Blake St #588","Gadena","Los Angeles","CA",90248,"310-699-1222","310-955-5788","lizbeth@yahoo.com","http://www.etbalancingcoinc.com""Glenn","Beay","Giswold, John E Esq","29 Chey St #7073","Des Moines","Polk","IA",50315,"515-370-7348","515-372-1738","gbeay@gmail.com","http://www.giswoldjohneesq.com""Lashanda","Klang","Acqua Goup","810 N La Bea Ave","King of Pussia","Montgomey","PA",19406,"610-809-1818","610-378-7332","lashanda@yahoo.com","http://www.acquagoup.com""Lenna","Newville","Books, Mois J J","987 Main St","Raleigh","Wake","NC",27601,"919-623-2524","919-254-5987","lnewville@newville.com","http://www.booksmoisjj.com""Lauel","Pagliuca","Pinting Images Cop","36 Entepise St Se","Richland","Benton","WA",99352,"509-695-5199","509-595-6485","lauel@yahoo.com","http://www.pintingimagescop.com""Mieya","Feking","Robets Supply Co Inc","8429 Mille Rd","Pelham","Westcheste","NY",10803,"914-868-5965","914-883-3061","mieya.feking@hotmail.com","http://www.obetssupplycoinc.com""Annelle","Tagala","Vico Poducts Mfg Co","5 W 7th St","Pakville","Baltimoe","MD",21234,"410-757-1035","410-234-2267","annelle@yahoo.com","http://www.vicopoductsmfgco.com""Dean","Ketelsen","J M Custom Design Millwok","2 Flynn Rd","Hicksville","Nassau","NY",11801,"516-847-4418","516-732-6649","dean_ketelsen@gmail.com","http://www.jmcustomdesignmillwok.com""Levi","Munis","Faell & Johnson Office Equip","2094 Ne 36th Ave","Woceste","Woceste","MA","01603","508-456-4907","508-658-7802","levi.munis@gmail.com","http://www.faelljohnsonofficeequip.com""Sylvie","Ryse","Milles Maket & Deli","649 Tulane Ave","Tulsa","Tulsa","OK",74105,"918-644-9555","918-565-1706","sylvie@aol.com","http://www.millesmaketdeli.com""Shaee","Maile","Holiday Inn Napeville","2094 Montou Blvd","Muskegon","Muskegon","MI",49442,"231-467-9978","231-265-6940","shaee_maile@aol.com","http://www.holidayinnnapeville.com""Codelia","Stoment","Buows, Jon H Esq","393 Hammond D","Lafayette","Lafayette","LA",70506,"337-566-6001","337-255-3427","codelia_stoment@aol.com","http://www.buowsjonhesq.com""Mollie","Mcdoniel","Dock Seal Specialty","8590 Lake Lizzie D","Bowling Geen","Wood","OH",43402,"419-975-3182","419-417-4674","mollie_mcdoniel@yahoo.com","http://www.docksealspecialty.com""Bett","Mccullan","Five Sta Limousines Of Tx Inc","87895 Concod Rd","La Mesa","San Diego","CA",91942,"619-461-9984","619-727-3892","bett.mccullan@mccullan.com","http://www.fivestalimousinesoftxinc.com""Teddy","Pedozo","Bakan, Neal J Esq","46314 Route 130","Bidgepot","Faifield","CT","06610","203-892-3863","203-918-3939","teddy_pedozo@aol.com","http://www.bakannealjesq.com""Tasia","Andeason","Campbell, Robet A","4 Cowesett Ave","Keany","Hudson","NJ","07032","201-920-9002","201-969-7063","tasia_andeason@yahoo.com","http://www.campbellobeta.com""Hubet","Walthall","Dee, Deanna","95 Main Ave #2","Babeton","Summit","OH",44203,"330-903-1345","330-566-8898","hubet@walthall.og","http://www.deedeanna.com""Athu","Faow","Young, Timothy L Esq","28 S 7th St #2824","Englewood","Begen","NJ","07631","201-238-5688","201-772-4377","athu.faow@yahoo.com","http://www.youngtimothylesq.com""Vilma","Belanga","Wells, D Fed Esq","79 S Howell Ave","Gand Rapids","Kent","MI",49546,"616-737-3085","616-568-4113","vbelanga@belanga.com","http://www.wellsdfedesq.com""Billye","Mio","Gay, Fancine H Esq","36 Lancaste D Se","Peal","Rankin","MS",39208,"601-567-5386","601-637-5479","billye_mio@cox.net","http://www.gayfancinehesq.com""Glenna","Slayton","Toledo Iv Cae","2759 Livingston Ave","Memphis","Shelby","TN",38118,"901-640-9178","901-869-4314","glenna_slayton@cox.net","http://www.toledoivcae.com""Mitzie","Hudnall","Cango Tansmission Co","17 Jesey Ave","Englewood","Aapahoe","CO",80110,"303-402-1940","303-997-7760","mitzie_hudnall@yahoo.com","http://www.cangotansmissionco.com""Benadine","Rodefe","Sat Poly Inc","2 W Gand Ave","Memphis","Shelby","TN",38112,"901-901-4726","901-739-5892","benadine_odefe@yahoo.com","http://www.satpolyinc.com""Staci","Schmaltz","Midwest Contacting & Mfg Inc","18 Coonado Ave #563","Pasadena","Los Angeles","CA",91106,"626-866-2339","626-293-7678","staci_schmaltz@aol.com","http://www.midwestcontactingmfginc.com""Nichelle","Metee","Pint Docto","72 Beechwood Te","Chicago","Cook","IL",60657,"773-225-9985","773-857-2231","nichelle_metee@metee.com","http://www.pintdocto.com""Janine","Rhoden","Nodic Goup Inc","92 Boadway","Astoia","Queens","NY",11103,"718-228-5894","718-728-5051","jhoden@yahoo.com","http://www.nodicgoupinc.com""Ettie","Hoopengadne","Jackson Millwok Co","39 Fanklin Ave","Richland","Benton","WA",99352,"509-755-5393","509-847-3352","ettie.hoopengadne@hotmail.com","http://www.jacksonmillwokco.com""Eden","Jayson","Hais Copoation","4 Iwaena St","Baltimoe","Baltimoe City","MD",21202,"410-890-7866","410-429-4888","eden_jayson@yahoo.com","http://www.haiscopoation.com""Lynelle","Aube","United Ceebal Palsy Of Ne Pa","32820 Cokwood Rd","Newak","Essex","NJ","07104","973-860-8610","973-605-6492","lynelle_aube@gmail.com","http://www.unitedceebalpalsyofnepa.com""Meissa","Tomblin","One Day Sugey Cente Inc","34 Raitan Cente Pky","Bellflowe","Los Angeles","CA",90706,"562-579-6900","562-719-7922","meissa.tomblin@gmail.com","http://www.onedaysugeycenteinc.com""Golda","Kaniecki","Calaveas Pospect","6201 S Nevada Ave","Toms Rive","Ocean","NJ","08755","732-628-9909","732-617-5310","golda_kaniecki@yahoo.com","http://www.calaveaspospect.com""Cataina","Gleich","Tek, Robet E Esq","78 Mayland D #146","Denville","Mois","NJ","07834","973-210-3994","973-491-8723","cataina_gleich@hotmail.com","http://www.tekobeteesq.com""Vigie","Kiel","Cullen, Teence P Esq","76598 Rd  I 95 #1","Denve","Denve","CO",80216,"303-776-7548","303-845-5408","vkiel@hotmail.com","http://www.cullenteencepesq.com""Jolene","Ostolaza","Cental Die Casting Mfg Co Inc","1610 14th St Nw","Newpot News","Newpot News City","VA",23608,"757-682-7116","757-940-1741","jolene@yahoo.com","http://www.centaldiecastingmfgcoinc.com""Keneth","Bogman","Centeline Engineeing","86350 Roszel Rd","Phoenix","Maicopa","AZ",85012,"602-919-4211","602-442-3092","keneth@yahoo.com","http://www.centelineengineeing.com""Rikki","Naya","Tagan & Kievit Pa","1644 Clove Rd","Miami","Miami-Dade","FL",33155,"305-968-9487","305-978-2069","ikki@naya.com","http://www.tagankievitpa.com""Elke","Sengbusch","Riley Ripe Hollin & Colageco","9 W Cental Ave","Phoenix","Maicopa","AZ",85013,"602-896-2993","602-575-3457","elke_sengbusch@yahoo.com","http://www.ileyipehollincolageco.com""Hoa","Saao","Kaplan, Joel S Esq","27846 Lafayette Ave","Oak Hill","Volusia","FL",32759,"386-526-7800","386-599-7296","hoa@saao.og","http://www.kaplanjoelsesq.com""Tinidad","Mcae","Wate Office","10276 Books St","San Fancisco","San Fancisco","CA",94105,"415-331-9634","415-419-1597","tinidad_mcae@yahoo.com","http://www.wateoffice.com""Mai","Lueckenbach","Westbooks, Nelson E J","1 Centuy Pak E","San Diego","San Diego","CA",92110,"858-793-9684","858-228-5683","mai_lueckenbach@yahoo.com","http://www.westbooksnelsonej.com""Selma","Husse","Amon Communications","9 State Highway 57 #22","Jesey City","Hudson","NJ","07306","201-991-8369","201-772-7699","selma.husse@cox.net","http://www.amoncommunications.com""Antione","Onofio","Jacobs & Gebe Inc","4 S Washington Ave","San Benadino","San Benadino","CA",92410,"909-430-7765","909-665-3223","aonofio@onofio.com","http://www.jacobsgebeinc.com""Luisa","Juney","Foest Fie Laboatoy","25 Se 176th Pl","Cambidge","Middlesex","MA","02138","617-365-2134","617-544-2541","ljuney@hotmail.com","http://www.foestfielaboatoy.com""Cloinda","Heimann","Haughey, Chales J","105 Richmond Valley Rd","Escondido","San Diego","CA",92025,"760-291-5497","760-261-4786","cloinda.heimann@hotmail.com","http://www.haugheychalesj.com""Dick","Wenzinge","Wheaton Plastic Poducts","22 Spuce St #595","Gadena","Los Angeles","CA",90248,"310-510-9713","310-936-2258","dick@yahoo.com","http://www.wheatonplasticpoducts.com""Ahmed","Angalich","Reese Plastics","2 W Bevely Blvd","Haisbug","Dauphin","PA",17110,"717-528-8996","717-632-5831","ahmed.angalich@angalich.com","http://www.eeseplastics.com""Iluminada","Ohms","Nazette Mane Good Wendt","72 Southen Blvd","Mesa","Maicopa","AZ",85204,"480-293-2882","480-866-6544","iluminada.ohms@yahoo.com","http://www.nazettemanegoodwendt.com""Joanna","Leinenbach","Levinson Axelod Wheaton","1 Washington St","Lake Woth","Palm Beach","FL",33461,"561-470-4574","561-951-9734","joanna_leinenbach@hotmail.com","http://www.levinsonaxelodwheaton.com""Capice","Suell","Egno, W Dan Esq","90177 N 55th Ave","Nashville","Davidson","TN",37211,"615-246-1824","615-726-4537","capice@aol.com","http://www.egnowdanesq.com""Stephane","Myicks","Potland Cental Thiftlodge","9 Towe Ave","Bulington","Boone","KY",41005,"859-717-7638","859-308-4286","stephane_myicks@cox.net","http://www.potlandcentalthiftlodge.com""Quentin","Swayze","Ulbich Tucking","278 Bayview Ave","Milan","Monoe","MI",48160,"734-561-6170","734-851-8571","quentin_swayze@yahoo.com","http://www.ulbichtucking.com""Annmaie","Castos","Tipiak Inc","80312 W 32nd St","Conoe","Montgomey","TX",77301,"936-751-7961","936-937-2334","annmaie_castos@gmail.com","http://www.tipiakinc.com""Shonda","Geenbush","Saint Geoge Well Dilling","82 Us Highway 46","Clifton","Passaic","NJ","07011","973-482-2430","973-644-2974","shonda_geenbush@cox.net","http://www.saintgeogewelldilling.com""Cecil","Lapage","Hawkes, Douglas D","4 Stovall St #72","Union City","Hudson","NJ","07087","201-693-3967","201-856-2720","clapage@lapage.com","http://www.hawkesdouglasd.com""Jeanice","Clauchety","Accuel Systems Intntl Cop","19 Amboy Ave","Miami","Miami-Dade","FL",33142,"305-988-4162","305-306-7834","jeanice.clauchety@yahoo.com","http://www.accuelsystemsintntlcop.com""Josphine","Villanueva","Santa Cuz Community Intenet","63 Smith Ln #8343","Moss","Clay","TN",38575,"931-553-9774","931-486-6946","josphine_villanueva@villanueva.com","http://www.santacuzcommunityintenet.com""Daniel","Peuzza","Gesh & Danielson","11360 S Halsted St","Santa Ana","Oange","CA",92705,"714-771-3880","714-531-1391","dpeuzza@peuzza.com","http://www.geshdanielson.com""Cassi","Wildfong","Cobb, James O Esq","26849 Jeffeson Hwy","Rolling Meadows","Cook","IL",60008,"847-633-3216","847-755-9041","cassi.wildfong@aol.com","http://www.cobbjamesoesq.com""Bitt","Galam","Wheatley Tucking Company","2500 Pingle Rd Se #508","Hatfield","Montgomey","PA",19440,"215-888-3304","215-351-8523","bitt@galam.og","http://www.wheatleytuckingcompany.com""Adell","Lipkin","Systems Gaph Inc Ab Dick Dl","65 Mountain View D","Whippany","Mois","NJ","07981","973-654-1561","973-662-8988","adell.lipkin@lipkin.com","http://www.systemsgaphincabdickdl.com""Jacqueline","Rowling","John Hancock Mutl Life Ins Co","1 N San Saba","Eie","Eie","PA",16501,"814-865-8113","814-481-1700","jacqueline.owling@yahoo.com","http://www.johnhancockmutllifeinsco.com""Lonny","Weglaz","Histoy Division Of State","51120 State Route 18","Salt Lake City","Salt Lake","UT",84115,"801-293-9853","801-892-8781","lonny_weglaz@gmail.com","http://www.histoydivisionofstate.com""Lonna","Diestel","Dimmock, Thomas J Esq","1482 College Ave","Fayetteville","Cumbeland","NC",28301,"910-922-3672","910-200-7912","lonna_diestel@gmail.com","http://www.dimmockthomasjesq.com""Cistal","Samaa","Intemed Inc","4119 Metopolitan D","Los Angeles","Los Angeles","CA",90021,"213-975-8026","213-696-8004","cistal@cox.net","http://www.intemedinc.com""Kenneth","Genet","Bank Of New Yok","2167 Siea Rd","East Lansing","Ingham","MI",48823,"517-499-2322","517-867-8077","kenneth.genet@genet.og","http://www.bankofnewyok.com""Elli","Mclaid","Spotmaste Intnatl","6 Sunise Ave","Utica","Oneida","NY",13501,"315-818-2638","315-474-5570","emclaid@mclaid.com","http://www.spotmasteintnatl.com""Alline","Jeanty","W W John Holden Inc","55713 Lake City Hwy","South Bend","St Joseph","IN",46601,"574-656-2800","574-405-1983","ajeanty@gmail.com","http://www.wwjohnholdeninc.com""Shaika","Eanes","Maccani & Delp","75698 N Fiesta Blvd","Olando","Oange","FL",32806,"407-312-1691","407-472-1332","shaika.eanes@aol.com","http://www.maccanidelp.com""Nu","Mcnease","Amazonia Film Poject","88 Sw 28th Te","Haison","Hudson","NJ","07029","973-751-9003","973-903-4175","nu@gmail.com","http://www.amazoniafilmpoject.com""Daniela","Comnick","Wate & Sewe Depatment","7 Flowes Rd #403","Tenton","Mece","NJ","08611","609-200-8577","609-398-2805","dcomnick@cox.net","http://www.watesewedepatment.com""Cecilia","Colaizzo","Switchcaft Inc","4 Nw 12th St #3849","Madison","Dane","WI",53717,"608-382-4541","608-302-3387","cecilia_colaizzo@colaizzo.com","http://www.switchcaftinc.com""Leslie","Theets","C W D C Metal Fabicatos","2 A Kelley D","Katonah","Westcheste","NY",10536,"914-861-9748","914-396-2615","leslie@cox.net","http://www.cwdcmetalfabicatos.com""Nan","Koppinge","Shimotani, Gace T","88827 Fankfod Ave","Geensboo","Guilfod","NC",27401,"336-370-5333","336-564-1492","nan@koppinge.com","http://www.shimotanigacet.com""Izetta","Dewa","Lisatoni, Jean Esq","2 W Scyene Rd #3","Baltimoe","Baltimoe City","MD",21217,"410-473-1708","410-522-7621","idewa@dewa.com","http://www.lisatonijeanesq.com""Tegan","Aceo","Ceamic Tile Sales Inc","62260 Pak Ste","Monoe Township","Middlesex","NJ","08831","732-730-2692","732-705-6719","tegan.aceo@aceo.og","http://www.ceamictilesalesinc.com""Ruthann","Keene","Maiden Caft Inc","3424 29th St Se","Keville","Ke","TX",78028,"830-258-2769","830-919-5991","uthann@hotmail.com","http://www.maidencaftinc.com""Joni","Beland","Caiage House Cllsn Rp Inc","35 E Main St #43","Elk Gove Village","Cook","IL",60007,"847-519-5906","847-740-5304","joni_beland@cox.net","http://www.caiagehousecllsnpinc.com""Vi","Rentfo","Video Wokshop","7163 W Clak Rd","Feehold","Monmouth","NJ","07728","732-605-4781","732-724-7251","ventfo@cox.net","http://www.videowokshop.com""Colette","Kadas","Fesno Tile Cente Inc","21575 S Apple Ceek Rd","Omaha","Douglas","NE",68124,"402-896-5943","402-707-1602","colette.kadas@yahoo.com","http://www.fesnotilecenteinc.com""Malcolm","Tomblay","Vesatile Sash & Woodwok","747 Leonis Blvd","Annandale","Faifax","VA",22003,"703-221-5602","703-874-4248","malcolm_tomblay@cox.net","http://www.vesatilesashwoodwok.com""Ryan","Hanos","Wane Electic Bk & Cltch Co","13 Gunnison St","Plano","Collin","TX",75075,"972-558-1665","972-961-4968","yan@cox.net","http://www.waneelecticbkcltchco.com""Jess","Chaffins","New Yok Public Libay","18 3d Ave","New Yok","New Yok","NY",10016,"212-510-4633","212-428-9538","jess.chaffins@chaffins.og","http://www.newyokpubliclibay.com""Shaen","Boubon","Mccaleb, John A Esq","62 W Austin St","Syosset","Nassau","NY",11791,"516-816-1541","516-749-3188","sboubon@yahoo.com","http://www.mccalebjohnaesq.com""Nickolas","Juvea","United Oil Co Inc","177 S Ride Tl #52","Cystal Rive","Citus","FL",34429,"352-598-8301","352-947-6152","nickolas_juvea@cox.net","http://www.unitedoilcoinc.com""Gay","Nunlee","Iving Foot Cente","2 W Mount Royal Ave","Fotville","Hancock","IN",46040,"317-542-6023","317-887-8486","gay_nunlee@nunlee.og","http://www.ivingfootcente.com""Diane","Deveese","Acme Supply Co","1953 Telegaph Rd","Saint Joseph","Buchanan","MO",64504,"816-557-9673","816-329-5565","diane@cox.net","http://www.acmesupplyco.com""Roslyn","Chavous","Mcae, James L","63517 Dupont St","Jackson","Hinds","MS",39211,"601-234-9632","601-973-5754","oslyn.chavous@chavous.og","http://www.mcaejamesl.com""Gloy","Schiele","Mcgaths Seafood","5 E Tuman Rd","Abilene","Taylo","TX",79602,"325-869-2649","325-740-3778","gloy@yahoo.com","http://www.mcgathsseafood.com""Rasheeda","Sayaphon","Kummee, J Michael Esq","251 Pak Ave #979","Saatoga","Santa Claa","CA",95070,"408-805-4309","408-997-7490","asheeda@aol.com","http://www.kummeejmichaelesq.com""Alpha","Palaia","Stoffe, James M J","43496 Commecial D #29","Chey Hill","Camden","NJ","08003","856-312-2629","856-513-7024","alpha@yahoo.com","http://www.stoffejamesmj.com""Refugia","Jacobos","Noth Cental Fl Sfty Cncl","2184 Woth St","Haywad","Alameda","CA",94545,"510-974-8671","510-509-3496","efugia.jacobos@jacobos.com","http://www.nothcentalflsftycncl.com""Shawnda","Yoi","Fioucci Foods Usa Inc","50126 N Plankinton Ave","Longwood","Seminole","FL",32750,"407-538-5106","407-564-8113","shawnda.yoi@yahoo.com","http://www.fiouccifoodsusainc.com""Mona","Delasancha","Sign All","38773 Gavois Ave","Cheyenne","Laamie","WY",82001,"307-403-1488","307-816-7115","mdelasancha@hotmail.com","http://www.signall.com""Gilma","Liukko","Sammys Steak Den","16452 Geenwich St","Gaden City","Nassau","NY",11530,"516-393-9967","516-407-9573","gilma_liukko@gmail.com","http://www.sammyssteakden.com""Janey","Gabisi","Dobscha, Stephen F Esq","40 Cambidge Ave","Madison","Dane","WI",53715,"608-967-7194","608-586-6912","jgabisi@hotmail.com","http://www.dobschastephenfesq.com""Lili","Paskin","Mogan Custom Homes","20113 4th Ave E","Keany","Hudson","NJ","07032","201-431-2989","201-478-8540","lili.paskin@cox.net","http://www.mogancustomhomes.com""Loen","Asa","Olsen Payne & Company","6 Ridgewood Cente D","Old Foge","Lackawanna","PA",18518,"570-648-3035","570-569-2356","loen.asa@aol.com","http://www.olsenpaynecompany.com""Doothy","Chestefield","Cowan & Kelly","469 Outwate Ln","San Diego","San Diego","CA",92126,"858-617-7834","858-732-1884","doothy@cox.net","http://www.cowankelly.com""Gail","Similton","Johnson, Wes Esq","62 Monoe St","Thousand Palms","Riveside","CA",92276,"760-616-5388","760-493-9208","gail_similton@similton.com","http://www.johnsonwesesq.com""Catalina","Tillotson","Icn Phamaceuticals Inc","3338 A Lockpot Pl #6","Magate City","Atlantic","NJ","08402","609-373-3332","609-826-4990","catalina@hotmail.com","http://www.icnphamaceuticalsinc.com""Lawence","Loens","New England Sec Equip Co Inc","9 Hwy","Povidence","Povidence","RI","02906","401-465-6432","401-893-1820","lawence.loens@hotmail.com","http://www.newenglandsecequipcoinc.com""Calee","Boulte","Tippett, Toy M Ii","8284 Hat St","Abilene","Dickinson","KS",67410,"785-347-1805","785-253-7049","calee.boulte@hotmail.com","http://www.tippetttoymii.com""Thaddeus","Ankeny","Atc Contacting","5 Washington St #1","Roseville","Place","CA",95678,"916-920-3571","916-459-2433","tankeny@ankeny.og","http://www.atccontacting.com""Jovita","Oles","Pagano, Philip G Esq","8 S Haven St","Daytona Beach","Volusia","FL",32114,"386-248-4118","386-208-6976","joles@gmail.com","http://www.paganophilipgesq.com""Alesia","Hixenbaugh","Kwikpint","9 Font St","Washington","Distict of Columbia","DC",20001,"202-646-7516","202-276-6826","alesia_hixenbaugh@hixenbaugh.og","http://www.kwikpint.com""Lai","Haabedian","Buegi & Madden Scale","1933 Packe Ave #2","Novato","Main","CA",94945,"415-423-3294","415-926-6089","lai@gmail.com","http://www.buegimaddenscale.com""Bittni","Gillaspie","Inne Label","67 Rv Cent","Boise","Ada","ID",83709,"208-709-1235","208-206-9848","bgillaspie@gillaspie.com","http://www.innelabel.com""Raylene","Kampa","Hema Inc","2 Sw Nybeg Rd","Elkhat","Elkhat","IN",46514,"574-499-1454","574-330-1884","kampa@kampa.og","http://www.hemainc.com""Flo","Bookame","Simonton Howe & Schneide Pc","89992 E 15th St","Alliance","Box Butte","NE",69301,"308-726-2182","308-250-6987","flo.bookame@cox.net","http://www.simontonhoweschneidepc.com""Jani","Biddy","Waehouse Office & Pape Pod","61556 W 20th Ave","Seattle","King","WA",98104,"206-711-6498","206-395-6284","jbiddy@yahoo.com","http://www.waehouseofficepapepod.com""Chauncey","Motley","Affiliated With Tavelodge","63 E Auoa D","Olando","Oange","FL",32804,"407-413-4842","407-557-8857","chauncey_motley@aol.com","http://www.affiliatedwithtavelodge.com"
